	Input	Group	Model	Chain	Spatial_label	Dihedral_label	C-helix_label	Ligand	Ligand_label	X-DFG	Φ	Ψ	DFG-Asp	Φ	Ψ	DFG-Phe	Φ	Ψ	χ1	
	1CDK.pdb	AGC	0	A	DFGin	BLAminus	Chelix-in	ANP:400	Type1	183T	-113.76	-166.20	184D	47.38	80.03	185F	-85.76	16.06	278.85
	Input	Group	Model	Chain	Spatial_label	Dihedral_label	C-helix_label	Ligand	Ligand_label	X-DFG	Φ	Ψ	DFG-Asp	Φ	Ψ	DFG-Phe	Φ	Ψ	χ1	
	2GNF.pdb	AGC	0	A	DFGin	BLAminus	Chelix-in	Y27:501	Type1	183A	-116.96	178.88	184D	58.65	105.43	185F	-113.78	28.70	272.88
	Input	Group	Model	Chain	Spatial_label	Dihedral_label	C-helix_label	Ligand	Ligand_label	X-DFG	Φ	Ψ	DFG-Asp	Φ	Ψ	DFG-Phe	Φ	Ψ	χ1	
	2GNH.pdb	AGC	0	A	DFGin	ABAminus	Chelix-in	H52:501,H52:502	Type1,Allosteric	183A	-128.79	15.58	184D	-151.10	122.77	185F	-119.76	23.12	270.41
	Input	Group	Model	Chain	Spatial_label	Dihedral_label	C-helix_label	Ligand	Ligand_label	X-DFG	Φ	Ψ	DFG-Asp	Φ	Ψ	DFG-Phe	Φ	Ψ	χ1	
	2GNI.pdb	AGC	0	A	DFGin	ABAminus	Chelix-in	M77:601	Type1	183A	-125.47	13.51	184D	-148.05	120.42	185F	-113.28	22.31	295.85
	Input	Group	Model	Chain	Spatial_label	Dihedral_label	C-helix_label	Ligand	Ligand_label	X-DFG	Φ	Ψ	DFG-Asp	Φ	Ψ	DFG-Phe	Φ	Ψ	χ1	
	2GNJ.pdb	AGC	0	A	DFGin	BLAminus	Chelix-in	Y27:501	Type1	183A	-125.20	164.00	184D	75.11	93.42	185F	-104.04	27.11	286.53
	Input	Group	Model	Chain	Spatial_label	Dihedral_label	C-helix_label	Ligand	Ligand_label	X-DFG	Φ	Ψ	DFG-Asp	Φ	Ψ	DFG-Phe	Φ	Ψ	χ1	
	2GNL.pdb	AGC	0	A	DFGin	BLAminus	Chelix-in	H52:501	Type1	183A	-89.02	-175.74	184D	47.17	112.42	185F	-122.51	26.46	259.73
	Input	Group	Model	Chain	Spatial_label	Dihedral_label	C-helix_label	Ligand	Ligand_label	X-DFG	Φ	Ψ	DFG-Asp	Φ	Ψ	DFG-Phe	Φ	Ψ	χ1	
	2JDS.pdb	AGC	0	A	DFGin	BLAminus	Chelix-in	L20:1351	Type1	183T	-119.85	164.76	184D	69.86	95.65	185F	-106.41	24.64	270.02
	Input	Group	Model	Chain	Spatial_label	Dihedral_label	C-helix_label	Ligand	Ligand_label	X-DFG	Φ	Ψ	DFG-Asp	Φ	Ψ	DFG-Phe	Φ	Ψ	χ1	
	2JDT.pdb	AGC	0	A	DFGin	BLAminus	Chelix-in	I5S:1351	Type1	183T	-118.34	-171.87	184D	56.80	75.79	185F	-95.64	21.06	274.55
	Input	Group	Model	Chain	Spatial_label	Dihedral_label	C-helix_label	Ligand	Ligand_label	X-DFG	Φ	Ψ	DFG-Asp	Φ	Ψ	DFG-Phe	Φ	Ψ	χ1	
	2JDV.pdb	AGC	0	A	DFGin	BLAminus	Chelix-in	L20:1351	Type1	183T	-131.77	167.29	184D	66.94	91.79	185F	-105.86	27.67	278.62
	Input	Group	Model	Chain	Spatial_label	Dihedral_label	C-helix_label	Ligand	Ligand_label	X-DFG	Φ	Ψ	DFG-Asp	Φ	Ψ	DFG-Phe	Φ	Ψ	χ1	
	2OH0.pdb	AGC	0	E	DFGin	BLAminus	Chelix-in	2PY:351	Type1	183T	-127.37	173.11	184D	66.58	90.68	185F	-104.37	27.73	269.87
	Input	Group	Model	Chain	Spatial_label	Dihedral_label	C-helix_label	Ligand	Ligand_label	X-DFG	Φ	Ψ	DFG-Asp	Φ	Ψ	DFG-Phe	Φ	Ψ	χ1	
	2OJF.pdb	AGC	0	E	DFGin	BLAminus	Chelix-in	4PY:1000	Type1	183T	-129.09	175.09	184D	60.55	94.36	185F	-110.26	30.25	290.83
	Input	Group	Model	Chain	Spatial_label	Dihedral_label	C-helix_label	Ligand	Ligand_label	X-DFG	Φ	Ψ	DFG-Asp	Φ	Ψ	DFG-Phe	Φ	Ψ	χ1	
	2QUR.pdb	AGC	0	A	DFGin	BLAminus	Chelix-in	No_ligand	None	183T	-137.47	-167.05	184D	53.68	73.35	185F	-97.68	23.63	275.03
	Input	Group	Model	Chain	Spatial_label	Dihedral_label	C-helix_label	Ligand	Ligand_label	X-DFG	Φ	Ψ	DFG-Asp	Φ	Ψ	DFG-Phe	Φ	Ψ	χ1	
	2UW3.pdb	AGC	0	A	DFGin	BLAminus	Chelix-in	GVG:1351	Type1	183T	-134.70	177.07	184D	65.72	91.81	185F	-107.38	30.00	281.86
	Input	Group	Model	Chain	Spatial_label	Dihedral_label	C-helix_label	Ligand	Ligand_label	X-DFG	Φ	Ψ	DFG-Asp	Φ	Ψ	DFG-Phe	Φ	Ψ	χ1	
	2UW4.pdb	AGC	0	A	DFGin	BLAminus	Chelix-in	L15:1351	Type1	183T	-125.98	178.92	184D	62.30	87.41	185F	-98.07	19.83	275.17
	Input	Group	Model	Chain	Spatial_label	Dihedral_label	C-helix_label	Ligand	Ligand_label	X-DFG	Φ	Ψ	DFG-Asp	Φ	Ψ	DFG-Phe	Φ	Ψ	χ1	
	2UW5.pdb	AGC	0	A	DFGin	BLAminus	Chelix-in	GVN:1351	Type1	183T	-133.91	172.04	184D	65.21	93.24	185F	-108.15	25.65	277.97
	Input	Group	Model	Chain	Spatial_label	Dihedral_label	C-helix_label	Ligand	Ligand_label	X-DFG	Φ	Ψ	DFG-Asp	Φ	Ψ	DFG-Phe	Φ	Ψ	χ1	
	2UW8.pdb	AGC	0	A	DFGin	BLAminus	Chelix-in	GVQ:1351	Type1	183T	-127.77	173.64	184D	63.87	90.76	185F	-102.26	24.27	274.86
	Input	Group	Model	Chain	Spatial_label	Dihedral_label	C-helix_label	Ligand	Ligand_label	X-DFG	Φ	Ψ	DFG-Asp	Φ	Ψ	DFG-Phe	Φ	Ψ	χ1	
	2UZT.pdb	AGC	0	A	DFGin	BLAminus	Chelix-in	SS3:1351	Type1	183T	-126.85	167.46	184D	69.43	90.19	185F	-103.99	29.38	280.49
	Input	Group	Model	Chain	Spatial_label	Dihedral_label	C-helix_label	Ligand	Ligand_label	X-DFG	Φ	Ψ	DFG-Asp	Φ	Ψ	DFG-Phe	Φ	Ψ	χ1	
	2UZU.pdb	AGC	0	E	DFGin	BLAminus	Chelix-in	L20:1351	Type1	183T	-116.34	172.40	184D	61.54	100.04	185F	-109.49	24.05	269.56
	Input	Group	Model	Chain	Spatial_label	Dihedral_label	C-helix_label	Ligand	Ligand_label	X-DFG	Φ	Ψ	DFG-Asp	Φ	Ψ	DFG-Phe	Φ	Ψ	χ1	
	2UZV.pdb	AGC	0	A	DFGin	BLAminus	Chelix-in	SS5:1351	Type1	183T	-133.61	167.29	184D	69.98	107.83	185F	-122.87	25.10	278.16
	Input	Group	Model	Chain	Spatial_label	Dihedral_label	C-helix_label	Ligand	Ligand_label	X-DFG	Φ	Ψ	DFG-Asp	Φ	Ψ	DFG-Phe	Φ	Ψ	χ1	
	2UZW.pdb	AGC	0	E	DFGin	BLAminus	Chelix-in	SS4:1351	Type1	183T	-112.04	-173.28	184D	55.73	87.87	185F	-110.12	39.60	275.39
	Input	Group	Model	Chain	Spatial_label	Dihedral_label	C-helix_label	Ligand	Ligand_label	X-DFG	Φ	Ψ	DFG-Asp	Φ	Ψ	DFG-Phe	Φ	Ψ	χ1	
	2VNW.pdb	AGC	0	A	DFGin	BLAminus	Chelix-in	M01:1351	Type1	183T	-99.00	-162.50	184D	57.81	69.82	185F	-93.20	19.41	267.80
	Input	Group	Model	Chain	Spatial_label	Dihedral_label	C-helix_label	Ligand	Ligand_label	X-DFG	Φ	Ψ	DFG-Asp	Φ	Ψ	DFG-Phe	Φ	Ψ	χ1	
	2VNY.pdb	AGC	0	A	DFGin	BLAminus	Chelix-in	M02:1351	Type1	183T	-119.89	177.02	184D	61.41	90.56	185F	-103.09	29.14	278.68
	Input	Group	Model	Chain	Spatial_label	Dihedral_label	C-helix_label	Ligand	Ligand_label	X-DFG	Φ	Ψ	DFG-Asp	Φ	Ψ	DFG-Phe	Φ	Ψ	χ1	
	2VO0.pdb	AGC	0	A	DFGin	BLAminus	Chelix-in	M03:1354,M03:1355	Type1,Allosteric	183T	-105.06	-163.48	184D	59.05	63.73	185F	-87.90	21.77	268.86
	Input	Group	Model	Chain	Spatial_label	Dihedral_label	C-helix_label	Ligand	Ligand_label	X-DFG	Φ	Ψ	DFG-Asp	Φ	Ψ	DFG-Phe	Φ	Ψ	χ1	
	2VO3.pdb	AGC	0	A	DFGin	BLAminus	Chelix-in	M04:1352	Type1	183T	-103.33	-162.63	184D	58.24	61.11	185F	-86.11	18.50	266.87
	Input	Group	Model	Chain	Spatial_label	Dihedral_label	C-helix_label	Ligand	Ligand_label	X-DFG	Φ	Ψ	DFG-Asp	Φ	Ψ	DFG-Phe	Φ	Ψ	χ1	
	2VO6.pdb	AGC	0	A	DFGin	BLAminus	Chelix-in	M05:1352	Type1	183T	-116.69	-177.73	184D	56.84	84.85	185F	-93.23	27.76	272.38
	Input	Group	Model	Chain	Spatial_label	Dihedral_label	C-helix_label	Ligand	Ligand_label	X-DFG	Φ	Ψ	DFG-Asp	Φ	Ψ	DFG-Phe	Φ	Ψ	χ1	
	2VO7.pdb	AGC	0	A	DFGin	BLAminus	Chelix-in	M05:1351,M05:1352	Allosteric,Type1	183T	-112.73	170.06	184D	64.79	125.13	185F	-129.63	24.75	288.96
	Input	Group	Model	Chain	Spatial_label	Dihedral_label	C-helix_label	Ligand	Ligand_label	X-DFG	Φ	Ψ	DFG-Asp	Φ	Ψ	DFG-Phe	Φ	Ψ	χ1	
	3AG9.pdb	AGC	0	A	DFGin	BLAminus	Chelix-out	No_ligand	None	183T	-121.67	168.31	184D	69.60	87.40	185F	-105.16	26.26	286.68
	3AG9.pdb	AGC	0	B	DFGin	BLAminus	Chelix-in	A02:351	Type1	183T	-118.08	165.29	184D	66.01	91.25	185F	-100.52	22.80	270.89
	Input	Group	Model	Chain	Spatial_label	Dihedral_label	C-helix_label	Ligand	Ligand_label	X-DFG	Φ	Ψ	DFG-Asp	Φ	Ψ	DFG-Phe	Φ	Ψ	χ1	
	3AGL.pdb	AGC	0	A	DFGin	BLAminus	Chelix-in	A03:351	Type1	183T	-123.32	177.62	184D	64.25	83.52	185F	-96.46	22.51	272.11
	3AGL.pdb	AGC	0	B	DFGin	BLAminus	Chelix-in	A03:351	Type1	183T	-119.17	172.99	184D	64.04	88.92	185F	-97.96	24.36	271.27
	Input	Group	Model	Chain	Spatial_label	Dihedral_label	C-helix_label	Ligand	Ligand_label	X-DFG	Φ	Ψ	DFG-Asp	Φ	Ψ	DFG-Phe	Φ	Ψ	χ1	
	3AMA.pdb	AGC	0	A	DFGin	BLAminus	Chelix-in	SKE:351	Type1	183A	-113.50	162.11	184D	72.12	95.43	185F	-101.12	20.61	280.01
	Input	Group	Model	Chain	Spatial_label	Dihedral_label	C-helix_label	Ligand	Ligand_label	X-DFG	Φ	Ψ	DFG-Asp	Φ	Ψ	DFG-Phe	Φ	Ψ	χ1	
	3AMB.pdb	AGC	0	A	DFGin	ABAminus	Chelix-in	VX6:351	Type1	183A	-95.17	-47.00	184D	-99.94	115.14	185F	-101.01	17.86	279.80
	Input	Group	Model	Chain	Spatial_label	Dihedral_label	C-helix_label	Ligand	Ligand_label	X-DFG	Φ	Ψ	DFG-Asp	Φ	Ψ	DFG-Phe	Φ	Ψ	χ1	
	3BWJ.pdb	AGC	0	A	DFGin	BLAminus	Chelix-in	ARX:351,ARX:352	Type1,Allosteric	183T	-110.43	169.36	184D	68.32	91.40	185F	-103.19	23.79	279.15
	Input	Group	Model	Chain	Spatial_label	Dihedral_label	C-helix_label	Ligand	Ligand_label	X-DFG	Φ	Ψ	DFG-Asp	Φ	Ψ	DFG-Phe	Φ	Ψ	χ1	
	3DND.pdb	AGC	0	A	DFGin	BLAminus	Chelix-in	LL2:351	Type1	183T	-116.16	171.46	184D	66.82	93.02	185F	-101.85	16.18	271.74
	Input	Group	Model	Chain	Spatial_label	Dihedral_label	C-helix_label	Ligand	Ligand_label	X-DFG	Φ	Ψ	DFG-Asp	Φ	Ψ	DFG-Phe	Φ	Ψ	χ1	
	3DNE.pdb	AGC	0	A	DFGin	BLAminus	Chelix-in	LL1:351	Type1	183T	-121.10	-178.57	184D	64.95	70.37	185F	-87.98	19.34	273.67
	Input	Group	Model	Chain	Spatial_label	Dihedral_label	C-helix_label	Ligand	Ligand_label	X-DFG	Φ	Ψ	DFG-Asp	Φ	Ψ	DFG-Phe	Φ	Ψ	χ1	
	3E8C.pdb	AGC	0	A	DFGin	BLAminus	Chelix-in	G96:351	Type1.5_Back	183T	-125.76	-178.37	184D	54.76	79.93	185F	-90.51	28.04	276.07
	3E8C.pdb	AGC	0	B	DFGin	BLAminus	Chelix-in	G96:351	Type1.5_Back	183T	-126.70	-178.91	184D	56.82	78.03	185F	-91.32	30.19	275.18
	3E8C.pdb	AGC	0	C	DFGin	BLAminus	Chelix-in	G96:351	Type1.5_Back	183T	-125.92	-177.85	184D	55.25	79.64	185F	-90.50	29.38	270.76
	3E8C.pdb	AGC	0	D	DFGin	BLAminus	Chelix-in	G96:351	Type1.5_Back	183T	-125.62	-178.32	184D	56.80	78.69	185F	-92.33	30.68	274.67
	3E8C.pdb	AGC	0	E	DFGin	BLAminus	Chelix-in	G96:351	Type1.5_Back	183T	-126.72	-179.02	184D	57.21	78.54	185F	-91.86	29.91	275.24
	3E8C.pdb	AGC	0	F	DFGin	BLAminus	Chelix-in	G96:351	Type1.5_Back	183T	-125.48	-179.37	184D	56.48	79.11	185F	-90.97	29.84	273.44
	Input	Group	Model	Chain	Spatial_label	Dihedral_label	C-helix_label	Ligand	Ligand_label	X-DFG	Φ	Ψ	DFG-Asp	Φ	Ψ	DFG-Phe	Φ	Ψ	χ1	
	3E8E.pdb	AGC	0	A	DFGin	BLAminus	Chelix-in	G98:351	Type1.5_Back	183T	-127.58	177.12	184D	59.26	81.09	185F	-89.30	24.20	272.49
	3E8E.pdb	AGC	0	B	DFGin	BLAminus	Chelix-in	G98:351	Type1.5_Back	183T	-125.84	-172.92	184D	50.21	81.31	185F	-89.14	23.18	270.21
	3E8E.pdb	AGC	0	E	DFGin	BLAminus	Chelix-in	G98:351	Type1.5_Back	183T	-125.94	177.63	184D	60.28	78.38	185F	-89.05	26.68	272.68
	3E8E.pdb	AGC	0	I	DFGin	BLAminus	Chelix-in	G98:351	Type1.5_Back	183T	-121.51	-176.84	184D	52.35	81.35	185F	-90.04	28.89	273.59
	3E8E.pdb	AGC	0	L	DFGin	BLAminus	Chelix-in	G98:351	Type1.5_Back	183T	-126.34	179.53	184D	56.51	87.88	185F	-97.22	26.99	274.78
	3E8E.pdb	AGC	0	P	DFGin	BLAminus	Chelix-in	G98:351	Type1.5_Back	183T	-129.89	174.60	184D	59.69	84.32	185F	-91.75	22.85	273.06
	Input	Group	Model	Chain	Spatial_label	Dihedral_label	C-helix_label	Ligand	Ligand_label	X-DFG	Φ	Ψ	DFG-Asp	Φ	Ψ	DFG-Phe	Φ	Ψ	χ1	
	3FJQ.pdb	AGC	0	E	DFGin	BLAminus	Chelix-in	ATP:403	Type1	183T	-119.42	178.78	184D	63.28	80.04	185F	-91.81	23.31	270.73
	Input	Group	Model	Chain	Spatial_label	Dihedral_label	C-helix_label	Ligand	Ligand_label	X-DFG	Φ	Ψ	DFG-Asp	Φ	Ψ	DFG-Phe	Φ	Ψ	χ1	
	3KKV.pdb	AGC	0	A	DFGin	BLAminus	Chelix-in	B99:351	Type1	183T	-125.37	172.94	184D	64.41	88.24	185F	-101.41	28.77	274.35
	Input	Group	Model	Chain	Spatial_label	Dihedral_label	C-helix_label	Ligand	Ligand_label	X-DFG	Φ	Ψ	DFG-Asp	Φ	Ψ	DFG-Phe	Φ	Ψ	χ1	
	3L9L.pdb	AGC	0	A	DFGin	BLAminus	Chelix-in	L9L:351	Type1	183T	-131.42	170.84	184D	67.14	98.79	185F	-112.52	31.48	281.78
	Input	Group	Model	Chain	Spatial_label	Dihedral_label	C-helix_label	Ligand	Ligand_label	X-DFG	Φ	Ψ	DFG-Asp	Φ	Ψ	DFG-Phe	Φ	Ψ	χ1	
	3L9M.pdb	AGC	0	A	DFGin	BLAminus	Chelix-in	L9M:351	Type1	183T	-123.42	168.26	184D	64.27	97.86	185F	-112.03	32.77	297.13
	Input	Group	Model	Chain	Spatial_label	Dihedral_label	C-helix_label	Ligand	Ligand_label	X-DFG	Φ	Ψ	DFG-Asp	Φ	Ψ	DFG-Phe	Φ	Ψ	χ1	
	3L9N.pdb	AGC	0	A	DFGin	BLAminus	Chelix-in	L9N:351	Type1	183T	-123.73	167.95	184D	65.98	97.53	185F	-115.01	25.76	300.78
	Input	Group	Model	Chain	Spatial_label	Dihedral_label	C-helix_label	Ligand	Ligand_label	X-DFG	Φ	Ψ	DFG-Asp	Φ	Ψ	DFG-Phe	Φ	Ψ	χ1	
	3MVJ.pdb	AGC	0	A	DFGin	BLAminus	Chelix-in	XFE:351	Type1	183T	-115.88	169.36	184D	72.34	84.05	185F	-100.40	21.07	284.54
	3MVJ.pdb	AGC	0	B	DFGin	BLAminus	Chelix-in	No_ligand	None	183T	-107.29	175.17	184D	69.85	103.13	185F	-126.62	31.70	289.12
	3MVJ.pdb	AGC	0	E	DFGin	BLAminus	Chelix-in	XFE:351	Type1	183T	-120.77	173.49	184D	75.79	91.53	185F	-105.05	22.03	286.90
	Input	Group	Model	Chain	Spatial_label	Dihedral_label	C-helix_label	Ligand	Ligand_label	X-DFG	Φ	Ψ	DFG-Asp	Φ	Ψ	DFG-Phe	Φ	Ψ	χ1	
	3NX8.pdb	AGC	0	A	DFGin	BLAminus	Chelix-in	No_ligand	None	183T	-121.41	174.36	184D	68.59	92.57	185F	-100.19	21.71	266.05
	Input	Group	Model	Chain	Spatial_label	Dihedral_label	C-helix_label	Ligand	Ligand_label	X-DFG	Φ	Ψ	DFG-Asp	Φ	Ψ	DFG-Phe	Φ	Ψ	χ1	
	3OOG.pdb	AGC	0	A	DFGin	BLAminus	Chelix-in	YTP:2001	Type1	183T	-121.70	177.27	184D	65.88	89.72	185F	-99.72	18.72	271.46
	Input	Group	Model	Chain	Spatial_label	Dihedral_label	C-helix_label	Ligand	Ligand_label	X-DFG	Φ	Ψ	DFG-Asp	Φ	Ψ	DFG-Phe	Φ	Ψ	χ1	
	3OVV.pdb	AGC	0	A	DFGin	BLAminus	Chelix-in	1SB:2001	Type1	183T	-122.03	173.75	184D	63.75	85.64	185F	-91.93	24.88	270.34
	Input	Group	Model	Chain	Spatial_label	Dihedral_label	C-helix_label	Ligand	Ligand_label	X-DFG	Φ	Ψ	DFG-Asp	Φ	Ψ	DFG-Phe	Φ	Ψ	χ1	
	3OW3.pdb	AGC	0	A	DFGin	BLAminus	Chelix-in	SMY:401	Type1	183T	-123.88	175.12	184D	69.78	83.56	185F	-97.88	23.25	272.21
	Input	Group	Model	Chain	Spatial_label	Dihedral_label	C-helix_label	Ligand	Ligand_label	X-DFG	Φ	Ψ	DFG-Asp	Φ	Ψ	DFG-Phe	Φ	Ψ	χ1	
	3OWP.pdb	AGC	0	A	DFGin	BLAminus	Chelix-in	2SB:2001	Type1	183T	-129.79	179.44	184D	68.22	88.81	185F	-97.88	23.63	269.47
	Input	Group	Model	Chain	Spatial_label	Dihedral_label	C-helix_label	Ligand	Ligand_label	X-DFG	Φ	Ψ	DFG-Asp	Φ	Ψ	DFG-Phe	Φ	Ψ	χ1	
	3OXT.pdb	AGC	0	A	DFGin	BLAminus	Chelix-in	3SB:2001	Type1	183T	-130.49	176.59	184D	67.71	88.75	185F	-96.86	20.88	271.58
	Input	Group	Model	Chain	Spatial_label	Dihedral_label	C-helix_label	Ligand	Ligand_label	X-DFG	Φ	Ψ	DFG-Asp	Φ	Ψ	DFG-Phe	Φ	Ψ	χ1	
	3P0M.pdb	AGC	0	A	DFGin	BLAminus	Chelix-in	4SB:351	Type1	183T	-120.95	-179.03	184D	59.80	84.94	185F	-96.45	19.28	269.08
	Input	Group	Model	Chain	Spatial_label	Dihedral_label	C-helix_label	Ligand	Ligand_label	X-DFG	Φ	Ψ	DFG-Asp	Φ	Ψ	DFG-Phe	Φ	Ψ	χ1	
	3POO.pdb	AGC	0	A	DFGin	BLAminus	Chelix-in	S69:2001	Type1	183T	-122.77	177.28	184D	59.44	86.58	185F	-95.62	24.37	267.18
	Input	Group	Model	Chain	Spatial_label	Dihedral_label	C-helix_label	Ligand	Ligand_label	X-DFG	Φ	Ψ	DFG-Asp	Φ	Ψ	DFG-Phe	Φ	Ψ	χ1	
	3QAL.pdb	AGC	0	E	DFGin	BLAminus	Chelix-in	ATP:351	Type1	183T	-123.21	-177.09	184D	59.31	80.89	185F	-94.71	25.93	269.10
	Input	Group	Model	Chain	Spatial_label	Dihedral_label	C-helix_label	Ligand	Ligand_label	X-DFG	Φ	Ψ	DFG-Asp	Φ	Ψ	DFG-Phe	Φ	Ψ	χ1	
	3QAM.pdb	AGC	0	E	DFGin	BLAminus	Chelix-in	ATP:351	Type1	183T	-125.20	-173.20	184D	57.82	79.24	185F	-94.32	24.42	273.28
	Input	Group	Model	Chain	Spatial_label	Dihedral_label	C-helix_label	Ligand	Ligand_label	X-DFG	Φ	Ψ	DFG-Asp	Φ	Ψ	DFG-Phe	Φ	Ψ	χ1	
	3VQH.pdb	AGC	0	A	DFGin	BLAminus	Chelix-in	IQB:401	Type1	183T	-116.40	-175.47	184D	66.00	75.68	185F	-94.16	21.70	272.84
	Input	Group	Model	Chain	Spatial_label	Dihedral_label	C-helix_label	Ligand	Ligand_label	X-DFG	Φ	Ψ	DFG-Asp	Φ	Ψ	DFG-Phe	Φ	Ψ	χ1	
	3X2U.pdb	AGC	0	A	DFGin	BLAminus	Chelix-in	ATP:501	Type1	183T	-122.24	178.58	184D	59.36	87.70	185F	-101.54	25.28	272.61
	Input	Group	Model	Chain	Spatial_label	Dihedral_label	C-helix_label	Ligand	Ligand_label	X-DFG	Φ	Ψ	DFG-Asp	Φ	Ψ	DFG-Phe	Φ	Ψ	χ1	
	3X2V.pdb	AGC	0	A	DFGin	BLAminus	Chelix-in	ATP:403	Type1	183T	-116.69	-175.94	184D	62.92	80.30	185F	-91.77	26.26	271.42
	Input	Group	Model	Chain	Spatial_label	Dihedral_label	C-helix_label	Ligand	Ligand_label	X-DFG	Φ	Ψ	DFG-Asp	Φ	Ψ	DFG-Phe	Φ	Ψ	χ1	
	3X2W.pdb	AGC	0	A	DFGin	BLAminus	Chelix-in	ATP:403	Type1	183T	-121.01	-177.68	184D	63.51	77.56	185F	-90.40	24.79	270.40
	Input	Group	Model	Chain	Spatial_label	Dihedral_label	C-helix_label	Ligand	Ligand_label	X-DFG	Φ	Ψ	DFG-Asp	Φ	Ψ	DFG-Phe	Φ	Ψ	χ1	
	3ZO1.pdb	AGC	0	A	DFGin	BLAminus	Chelix-in	SIJ:1351	Type1	183T	-119.34	-177.25	184D	63.83	74.63	185F	-95.99	18.51	283.99
	Input	Group	Model	Chain	Spatial_label	Dihedral_label	C-helix_label	Ligand	Ligand_label	X-DFG	Φ	Ψ	DFG-Asp	Φ	Ψ	DFG-Phe	Φ	Ψ	χ1	
	3ZO2.pdb	AGC	0	A	DFGin	ABAminus	Chelix-in	15I:1351	Type1	183T	-111.64	-15.70	184D	-114.70	103.29	185F	-107.00	15.63	291.73
	Input	Group	Model	Chain	Spatial_label	Dihedral_label	C-helix_label	Ligand	Ligand_label	X-DFG	Φ	Ψ	DFG-Asp	Φ	Ψ	DFG-Phe	Φ	Ψ	χ1	
	3ZO3.pdb	AGC	0	A	DFGin	ABAminus	Chelix-in	QNI:1351	Type1	183T	-113.45	-3.91	184D	-119.58	103.74	185F	-104.44	16.56	281.00
	Input	Group	Model	Chain	Spatial_label	Dihedral_label	C-helix_label	Ligand	Ligand_label	X-DFG	Φ	Ψ	DFG-Asp	Φ	Ψ	DFG-Phe	Φ	Ψ	χ1	
	3ZO4.pdb	AGC	0	A	DFGin	BLAminus	Chelix-in	QWI:1352	Type1	183T	-122.52	179.40	184D	62.97	87.47	185F	-105.16	25.03	272.68
	Input	Group	Model	Chain	Spatial_label	Dihedral_label	C-helix_label	Ligand	Ligand_label	X-DFG	Φ	Ψ	DFG-Asp	Φ	Ψ	DFG-Phe	Φ	Ψ	χ1	
	4AXA.pdb	AGC	0	A	DFGin	ABAminus	Chelix-in	RKD:1351	Type1	183T	-121.83	-29.08	184D	-102.06	117.48	185F	-118.59	24.36	279.49
	Input	Group	Model	Chain	Spatial_label	Dihedral_label	C-helix_label	Ligand	Ligand_label	X-DFG	Φ	Ψ	DFG-Asp	Φ	Ψ	DFG-Phe	Φ	Ψ	χ1	
	4C34.pdb	AGC	0	A	DFGin	ABAminus	Chelix-in	STU:1351	Type1	183T	-119.31	-40.44	184D	-98.64	112.68	185F	-107.28	23.29	283.36
	Input	Group	Model	Chain	Spatial_label	Dihedral_label	C-helix_label	Ligand	Ligand_label	X-DFG	Φ	Ψ	DFG-Asp	Φ	Ψ	DFG-Phe	Φ	Ψ	χ1	
	4C35.pdb	AGC	0	A	DFGin	Unassigned	Chelix-in	NU3:1351	Type1.5_Back	183T	-103.23	-88.31	184D	-54.39	108.88	185F	-97.56	11.02	265.67
	Input	Group	Model	Chain	Spatial_label	Dihedral_label	C-helix_label	Ligand	Ligand_label	X-DFG	Φ	Ψ	DFG-Asp	Φ	Ψ	DFG-Phe	Φ	Ψ	χ1	
	4C36.pdb	AGC	0	A	DFGin	BLAminus	Chelix-in	ZO9:1351	Type1	183T	-118.69	178.88	184D	60.12	90.41	185F	-102.76	21.93	269.17
	Input	Group	Model	Chain	Spatial_label	Dihedral_label	C-helix_label	Ligand	Ligand_label	X-DFG	Φ	Ψ	DFG-Asp	Φ	Ψ	DFG-Phe	Φ	Ψ	χ1	
	4C37.pdb	AGC	0	A	DFGin	ABAminus	Chelix-in	Z21:1351	Type1	183T	-113.24	-47.75	184D	-78.10	110.90	185F	-112.08	25.76	272.69
	Input	Group	Model	Chain	Spatial_label	Dihedral_label	C-helix_label	Ligand	Ligand_label	X-DFG	Φ	Ψ	DFG-Asp	Φ	Ψ	DFG-Phe	Φ	Ψ	χ1	
	4C38.pdb	AGC	0	A	DFGin	BLAminus	Chelix-in	VUP:1351	Type1	183T	-126.62	165.92	184D	74.69	93.13	185F	-106.33	26.68	268.54
	Input	Group	Model	Chain	Spatial_label	Dihedral_label	C-helix_label	Ligand	Ligand_label	X-DFG	Φ	Ψ	DFG-Asp	Φ	Ψ	DFG-Phe	Φ	Ψ	χ1	
	4DFX.pdb	AGC	0	E	DFGin	BLAminus	Chelix-in	ANP:402	Type1	183T	-116.71	-179.39	184D	66.13	78.01	185F	-91.08	23.34	272.63
	Input	Group	Model	Chain	Spatial_label	Dihedral_label	C-helix_label	Ligand	Ligand_label	X-DFG	Φ	Ψ	DFG-Asp	Φ	Ψ	DFG-Phe	Φ	Ψ	χ1	
	4DG0.pdb	AGC	0	E	DFGin	BLAminus	Chelix-in	ANP:402	Type1	183T	-118.87	179.66	184D	65.44	79.89	185F	-93.34	25.25	272.35
	Input	Group	Model	Chain	Spatial_label	Dihedral_label	C-helix_label	Ligand	Ligand_label	X-DFG	Φ	Ψ	DFG-Asp	Φ	Ψ	DFG-Phe	Φ	Ψ	χ1	
	4DG3.pdb	AGC	0	E	DFGin	BLAminus	Chelix-in	ANP:401	Type1	183T	-115.99	-176.62	184D	61.62	77.98	185F	-90.25	24.84	270.29
	Input	Group	Model	Chain	Spatial_label	Dihedral_label	C-helix_label	Ligand	Ligand_label	X-DFG	Φ	Ψ	DFG-Asp	Φ	Ψ	DFG-Phe	Φ	Ψ	χ1	
	4DH1.pdb	AGC	0	A	DFGin	BLAminus	Chelix-in	ATP:402	Type1	183T	-130.70	167.11	184D	69.97	89.08	185F	-103.01	26.92	273.93
	Input	Group	Model	Chain	Spatial_label	Dihedral_label	C-helix_label	Ligand	Ligand_label	X-DFG	Φ	Ψ	DFG-Asp	Φ	Ψ	DFG-Phe	Φ	Ψ	χ1	
	4DH3.pdb	AGC	0	A	DFGin	BLAminus	Chelix-in	ATP:403	Type1	183T	-125.47	176.75	184D	61.82	79.89	185F	-92.16	24.39	276.69
	Input	Group	Model	Chain	Spatial_label	Dihedral_label	C-helix_label	Ligand	Ligand_label	X-DFG	Φ	Ψ	DFG-Asp	Φ	Ψ	DFG-Phe	Φ	Ψ	χ1	
	4DH5.pdb	AGC	0	A	DFGin	BLAminus	Chelix-in	ADP:403	Type1	183T	-125.12	-179.76	184D	61.40	85.13	185F	-97.61	27.77	279.05
	Input	Group	Model	Chain	Spatial_label	Dihedral_label	C-helix_label	Ligand	Ligand_label	X-DFG	Φ	Ψ	DFG-Asp	Φ	Ψ	DFG-Phe	Φ	Ψ	χ1	
	4DH7.pdb	AGC	0	A	DFGin	BLAminus	Chelix-in	ANP:403	Type1	183T	-124.43	-175.45	184D	59.33	78.79	185F	-93.54	24.71	270.97
	Input	Group	Model	Chain	Spatial_label	Dihedral_label	C-helix_label	Ligand	Ligand_label	X-DFG	Φ	Ψ	DFG-Asp	Φ	Ψ	DFG-Phe	Φ	Ψ	χ1	
	4DH8.pdb	AGC	0	A	DFGin	BLAminus	Chelix-in	ANP:403	Type1	183T	-123.95	-176.77	184D	59.01	85.18	185F	-98.80	24.84	279.52
	Input	Group	Model	Chain	Spatial_label	Dihedral_label	C-helix_label	Ligand	Ligand_label	X-DFG	Φ	Ψ	DFG-Asp	Φ	Ψ	DFG-Phe	Φ	Ψ	χ1	
	4HPT.pdb	AGC	0	E	DFGin	BLAminus	Chelix-in	ANP:401	Type1	183T	-115.40	178.03	184D	67.73	81.09	185F	-92.11	21.69	273.09
	Input	Group	Model	Chain	Spatial_label	Dihedral_label	C-helix_label	Ligand	Ligand_label	X-DFG	Φ	Ψ	DFG-Asp	Φ	Ψ	DFG-Phe	Φ	Ψ	χ1	
	4HPU.pdb	AGC	0	E	DFGin	BLAminus	Chelix-in	ANP:402	Type1	183T	-117.63	-178.61	184D	63.83	78.80	185F	-92.22	24.46	271.46
	Input	Group	Model	Chain	Spatial_label	Dihedral_label	C-helix_label	Ligand	Ligand_label	X-DFG	Φ	Ψ	DFG-Asp	Φ	Ψ	DFG-Phe	Φ	Ψ	χ1	
	4IAC.pdb	AGC	0	A	DFGin	BLAminus	Chelix-in	ACP:403	Type1	183T	-125.73	-177.16	184D	59.80	78.08	185F	-94.31	23.06	273.35
	Input	Group	Model	Chain	Spatial_label	Dihedral_label	C-helix_label	Ligand	Ligand_label	X-DFG	Φ	Ψ	DFG-Asp	Φ	Ψ	DFG-Phe	Φ	Ψ	χ1	
	4IAD.pdb	AGC	0	A	DFGin	BLAminus	Chelix-in	ADP:403	Type1	183T	-130.04	-179.13	184D	63.00	77.66	185F	-87.34	22.78	276.11
	Input	Group	Model	Chain	Spatial_label	Dihedral_label	C-helix_label	Ligand	Ligand_label	X-DFG	Φ	Ψ	DFG-Asp	Φ	Ψ	DFG-Phe	Φ	Ψ	χ1	
	4IAF.pdb	AGC	0	A	DFGin	BLAminus	Chelix-in	ADP:403	Type1	183T	-121.29	178.82	184D	64.06	84.80	185F	-98.00	27.20	281.56
	Input	Group	Model	Chain	Spatial_label	Dihedral_label	C-helix_label	Ligand	Ligand_label	X-DFG	Φ	Ψ	DFG-Asp	Φ	Ψ	DFG-Phe	Φ	Ψ	χ1	
	4IAI.pdb	AGC	0	A	DFGin	BLAminus	Chelix-in	ADP:403	Type1	183T	-125.10	176.40	184D	64.24	81.88	185F	-90.74	22.64	269.91
	Input	Group	Model	Chain	Spatial_label	Dihedral_label	C-helix_label	Ligand	Ligand_label	X-DFG	Φ	Ψ	DFG-Asp	Φ	Ψ	DFG-Phe	Φ	Ψ	χ1	
	4IAK.pdb	AGC	0	A	DFGin	BLAminus	Chelix-in	ADP:403	Type1	183T	-126.92	179.61	184D	63.08	81.74	185F	-90.27	23.65	270.26
	Input	Group	Model	Chain	Spatial_label	Dihedral_label	C-helix_label	Ligand	Ligand_label	X-DFG	Φ	Ψ	DFG-Asp	Φ	Ψ	DFG-Phe	Φ	Ψ	χ1	
	4IAY.pdb	AGC	0	A	DFGin	BLAminus	Chelix-in	ADP:403	Type1	183T	-131.74	174.05	184D	67.76	85.89	185F	-95.28	20.31	273.12
	Input	Group	Model	Chain	Spatial_label	Dihedral_label	C-helix_label	Ligand	Ligand_label	X-DFG	Φ	Ψ	DFG-Asp	Φ	Ψ	DFG-Phe	Φ	Ψ	χ1	
	4IAZ.pdb	AGC	0	A	DFGin	BLAminus	Chelix-in	ADP:403	Type1	183T	-132.33	171.23	184D	62.84	84.78	185F	-94.94	21.85	278.49
	Input	Group	Model	Chain	Spatial_label	Dihedral_label	C-helix_label	Ligand	Ligand_label	X-DFG	Φ	Ψ	DFG-Asp	Φ	Ψ	DFG-Phe	Φ	Ψ	χ1	
	4IB0.pdb	AGC	0	A	DFGin	BLAminus	Chelix-in	ADP:403	Type1	183T	-123.68	176.86	184D	65.62	82.22	185F	-94.42	18.76	272.15
	Input	Group	Model	Chain	Spatial_label	Dihedral_label	C-helix_label	Ligand	Ligand_label	X-DFG	Φ	Ψ	DFG-Asp	Φ	Ψ	DFG-Phe	Φ	Ψ	χ1	
	4IB1.pdb	AGC	0	A	DFGin	BLAminus	Chelix-in	ADP:403	Type1	183T	-126.58	171.72	184D	66.62	80.69	185F	-90.79	23.58	274.18
	Input	Group	Model	Chain	Spatial_label	Dihedral_label	C-helix_label	Ligand	Ligand_label	X-DFG	Φ	Ψ	DFG-Asp	Φ	Ψ	DFG-Phe	Φ	Ψ	χ1	
	4IB3.pdb	AGC	0	A	DFGin	BLAminus	Chelix-in	ADP:401	Type1	183T	-125.69	173.12	184D	66.37	84.97	185F	-98.59	21.41	276.57
	Input	Group	Model	Chain	Spatial_label	Dihedral_label	C-helix_label	Ligand	Ligand_label	X-DFG	Φ	Ψ	DFG-Asp	Φ	Ψ	DFG-Phe	Φ	Ψ	χ1	
	4IE9.pdb	AGC	0	A	DFGin	BLAminus	Chelix-in	PZX:401	Type1	183T	-120.62	176.92	184D	66.27	86.77	185F	-100.95	18.69	270.67
	Input	Group	Model	Chain	Spatial_label	Dihedral_label	C-helix_label	Ligand	Ligand_label	X-DFG	Φ	Ψ	DFG-Asp	Φ	Ψ	DFG-Phe	Φ	Ψ	χ1	
	4IJ9.pdb	AGC	0	A	DFGin	BLAminus	Chelix-in	PTV:401	Type1	183T	-111.94	-175.65	184D	58.73	79.19	185F	-93.36	11.75	269.03
	Input	Group	Model	Chain	Spatial_label	Dihedral_label	C-helix_label	Ligand	Ligand_label	X-DFG	Φ	Ψ	DFG-Asp	Φ	Ψ	DFG-Phe	Φ	Ψ	χ1	
	4NTT.pdb	AGC	0	A	DFGin	Unassigned	Chelix-in	ADP:401	Type1	183T	58.00	-132.96	184D	-135.23	163.83	185F	-122.73	17.77	281.43
	4NTT.pdb	AGC	0	B	DFGin	ABAminus	Chelix-in	ADP:401	Type1	183T	-93.85	-35.44	184D	-119.41	118.31	185F	-113.90	43.83	296.85
	Input	Group	Model	Chain	Spatial_label	Dihedral_label	C-helix_label	Ligand	Ligand_label	X-DFG	Φ	Ψ	DFG-Asp	Φ	Ψ	DFG-Phe	Φ	Ψ	χ1	
	4O21.pdb	AGC	0	A	DFGin	BLAminus	Chelix-in	ADP:401	Type1	183T	-125.27	173.53	184D	70.53	83.75	185F	-96.26	25.58	272.04
	Input	Group	Model	Chain	Spatial_label	Dihedral_label	C-helix_label	Ligand	Ligand_label	X-DFG	Φ	Ψ	DFG-Asp	Φ	Ψ	DFG-Phe	Φ	Ψ	χ1	
	4UJ1.pdb	AGC	0	A	DFGin	BLAminus	Chelix-in	NVX:1351	Type1	183T	-123.61	-163.80	184D	61.68	70.56	185F	-93.64	20.60	271.48
	Input	Group	Model	Chain	Spatial_label	Dihedral_label	C-helix_label	Ligand	Ligand_label	X-DFG	Φ	Ψ	DFG-Asp	Φ	Ψ	DFG-Phe	Φ	Ψ	χ1	
	4UJ2.pdb	AGC	0	A	DFGin	BLAminus	Chelix-in	NVV:1351	Type1	183T	-125.67	-160.40	184D	61.32	58.86	185F	-86.58	22.47	272.10
	Input	Group	Model	Chain	Spatial_label	Dihedral_label	C-helix_label	Ligand	Ligand_label	X-DFG	Φ	Ψ	DFG-Asp	Φ	Ψ	DFG-Phe	Φ	Ψ	χ1	
	4UJ9.pdb	AGC	0	A	DFGin	BLAminus	Chelix-in	S3N:1351	Type1	183T	-117.52	-171.14	184D	58.79	71.43	185F	-92.02	19.19	269.08
	Input	Group	Model	Chain	Spatial_label	Dihedral_label	C-helix_label	Ligand	Ligand_label	X-DFG	Φ	Ψ	DFG-Asp	Φ	Ψ	DFG-Phe	Φ	Ψ	χ1	
	4UJA.pdb	AGC	0	A	DFGin	BLAminus	Chelix-in	4L7:1351	Type1	183T	-125.31	-163.62	184D	62.94	64.42	185F	-88.89	21.72	270.40
	Input	Group	Model	Chain	Spatial_label	Dihedral_label	C-helix_label	Ligand	Ligand_label	X-DFG	Φ	Ψ	DFG-Asp	Φ	Ψ	DFG-Phe	Φ	Ψ	χ1	
	4UJB.pdb	AGC	0	A	DFGin	BLAminus	Chelix-in	8BQ:1351	Type1	183T	-125.29	-162.00	184D	58.42	69.71	185F	-90.44	19.28	267.91
	Input	Group	Model	Chain	Spatial_label	Dihedral_label	C-helix_label	Ligand	Ligand_label	X-DFG	Φ	Ψ	DFG-Asp	Φ	Ψ	DFG-Phe	Φ	Ψ	χ1	
	4WB5.pdb	AGC	0	A	DFGin	BLAminus	Chelix-in	ATP:401	Type1	183T	-123.05	176.84	184D	68.94	80.02	185F	-91.46	24.86	270.20
	Input	Group	Model	Chain	Spatial_label	Dihedral_label	C-helix_label	Ligand	Ligand_label	X-DFG	Φ	Ψ	DFG-Asp	Φ	Ψ	DFG-Phe	Φ	Ψ	χ1	
	4WB6.pdb	AGC	0	A	DFGin	BLAminus	Chelix-in	ATP:401	Type1	183T	-118.38	-169.49	184D	51.77	82.47	185F	-95.61	17.78	271.18
	4WB6.pdb	AGC	0	B	DFGin	BLAminus	Chelix-in	ATP:401	Type1	183T	-117.82	-168.32	184D	53.27	78.35	185F	-91.25	29.34	274.97
	Input	Group	Model	Chain	Spatial_label	Dihedral_label	C-helix_label	Ligand	Ligand_label	X-DFG	Φ	Ψ	DFG-Asp	Φ	Ψ	DFG-Phe	Φ	Ψ	χ1	
	4WB8.pdb	AGC	0	A	DFGin	BLAminus	Chelix-in	ATP:401	Type1	183T	-121.45	-177.20	184D	62.67	77.75	185F	-91.98	24.58	268.87
	Input	Group	Model	Chain	Spatial_label	Dihedral_label	C-helix_label	Ligand	Ligand_label	X-DFG	Φ	Ψ	DFG-Asp	Φ	Ψ	DFG-Phe	Φ	Ψ	χ1	
	4XW4.pdb	AGC	0	A	DFGin	BLAminus	Chelix-in	ANP:403	Type1	183T	-117.82	-177.44	184D	65.15	79.34	185F	-92.69	26.58	269.45
	Input	Group	Model	Chain	Spatial_label	Dihedral_label	C-helix_label	Ligand	Ligand_label	X-DFG	Φ	Ψ	DFG-Asp	Φ	Ψ	DFG-Phe	Φ	Ψ	χ1	
	4XW5.pdb	AGC	0	A	DFGin	BLAminus	Chelix-in	ATP:403	Type1	183T	-131.24	177.82	184D	59.66	87.19	185F	-93.08	25.08	282.37
	Input	Group	Model	Chain	Spatial_label	Dihedral_label	C-helix_label	Ligand	Ligand_label	X-DFG	Φ	Ψ	DFG-Asp	Φ	Ψ	DFG-Phe	Φ	Ψ	χ1	
	4XW6.pdb	AGC	0	A	DFGin	BLAminus	Chelix-in	ADP:403	Type1	183T	-130.68	178.48	184D	65.03	84.15	185F	-99.24	23.41	276.01
	Input	Group	Model	Chain	Spatial_label	Dihedral_label	C-helix_label	Ligand	Ligand_label	X-DFG	Φ	Ψ	DFG-Asp	Φ	Ψ	DFG-Phe	Φ	Ψ	χ1	
	4YXR.pdb	AGC	0	A	DFGin	BLAminus	Chelix-in	0RW:401	Type1	183T	-119.04	170.91	184D	66.30	93.05	185F	-106.53	24.67	276.07
	Input	Group	Model	Chain	Spatial_label	Dihedral_label	C-helix_label	Ligand	Ligand_label	X-DFG	Φ	Ψ	DFG-Asp	Φ	Ψ	DFG-Phe	Φ	Ψ	χ1	
	4YXS.pdb	AGC	0	A	DFGin	BLAminus	Chelix-in	EMU:401	Type1	183T	-119.26	168.50	184D	67.40	97.14	185F	-108.40	23.82	281.89
	Input	Group	Model	Chain	Spatial_label	Dihedral_label	C-helix_label	Ligand	Ligand_label	X-DFG	Φ	Ψ	DFG-Asp	Φ	Ψ	DFG-Phe	Φ	Ψ	χ1	
	4Z83.pdb	AGC	0	E	DFGin	BLAminus	Chelix-in	4L7:401,4L7:402	Type1,Allosteric	183T	-130.13	-162.52	184D	52.50	73.80	185F	-91.10	22.20	271.01
	Input	Group	Model	Chain	Spatial_label	Dihedral_label	C-helix_label	Ligand	Ligand_label	X-DFG	Φ	Ψ	DFG-Asp	Φ	Ψ	DFG-Phe	Φ	Ψ	χ1	
	4Z84.pdb	AGC	0	A	DFGin	BLAminus	Chelix-in	NVX:401	Type1	183T	-117.04	-175.08	184D	61.81	72.16	185F	-88.28	20.05	271.07
	Input	Group	Model	Chain	Spatial_label	Dihedral_label	C-helix_label	Ligand	Ligand_label	X-DFG	Φ	Ψ	DFG-Asp	Φ	Ψ	DFG-Phe	Φ	Ψ	χ1	
	5BX6.pdb	AGC	0	A	DFGin	BLAminus	Chelix-in	495:401	Type1	183T	-119.55	164.86	184D	70.92	91.57	185F	-100.18	26.65	271.79
	Input	Group	Model	Chain	Spatial_label	Dihedral_label	C-helix_label	Ligand	Ligand_label	X-DFG	Φ	Ψ	DFG-Asp	Φ	Ψ	DFG-Phe	Φ	Ψ	χ1	
	5BX7.pdb	AGC	0	A	DFGin	BLAminus	Chelix-in	4W1:401	Type1	183T	-120.21	170.97	184D	66.40	95.24	185F	-104.96	26.38	271.55
	Input	Group	Model	Chain	Spatial_label	Dihedral_label	C-helix_label	Ligand	Ligand_label	X-DFG	Φ	Ψ	DFG-Asp	Φ	Ψ	DFG-Phe	Φ	Ψ	χ1	
	5IZJ.pdb	AGC	0	A	DFGin	BLAminus	Chelix-in	6J9:414	Allosteric	183T	-111.62	172.78	184D	70.98	87.77	185F	-97.80	27.11	278.83
	5IZJ.pdb	AGC	0	B	DFGin	BLAminus	Chelix-out	6J9:413	Allosteric	183T	-109.02	168.97	184D	75.33	87.97	185F	-97.67	24.22	269.13
	Input	Group	Model	Chain	Spatial_label	Dihedral_label	C-helix_label	Ligand	Ligand_label	X-DFG	Φ	Ψ	DFG-Asp	Φ	Ψ	DFG-Phe	Φ	Ψ	χ1	
	5J5X.pdb	AGC	0	A	DFGin	BLAminus	Chelix-in	6J9:404	Allosteric	183T	-130.51	173.14	184D	68.75	93.05	185F	-105.74	27.05	279.27
	Input	Group	Model	Chain	Spatial_label	Dihedral_label	C-helix_label	Ligand	Ligand_label	X-DFG	Φ	Ψ	DFG-Asp	Φ	Ψ	DFG-Phe	Φ	Ψ	χ1	
	5LCP.pdb	AGC	0	A	DFGin	ABAminus	Chelix-in	M77:401	Type1	183T	-121.65	-30.45	184D	-98.92	119.10	185F	-122.07	18.29	284.17
	Input	Group	Model	Chain	Spatial_label	Dihedral_label	C-helix_label	Ligand	Ligand_label	X-DFG	Φ	Ψ	DFG-Asp	Φ	Ψ	DFG-Phe	Φ	Ψ	χ1	
	5LCQ.pdb	AGC	0	A	DFGin	BLAminus	Chelix-in	6TV:401	Type1	183T	-123.17	161.48	184D	80.79	88.70	185F	-100.70	25.58	283.70
	Input	Group	Model	Chain	Spatial_label	Dihedral_label	C-helix_label	Ligand	Ligand_label	X-DFG	Φ	Ψ	DFG-Asp	Φ	Ψ	DFG-Phe	Φ	Ψ	χ1	
	5LCR.pdb	AGC	0	A	DFGin	ABAminus	Chelix-in	6TX:401	Type1	183T	-120.45	-30.90	184D	-97.04	125.99	185F	-132.15	14.59	283.38
	Input	Group	Model	Chain	Spatial_label	Dihedral_label	C-helix_label	Ligand	Ligand_label	X-DFG	Φ	Ψ	DFG-Asp	Φ	Ψ	DFG-Phe	Φ	Ψ	χ1	
	5LCT.pdb	AGC	0	A	DFGin	ABAminus	Chelix-in	6TY:401	Type1	183T	-119.53	-36.47	184D	-94.64	123.81	185F	-127.40	15.84	283.42
	Input	Group	Model	Chain	Spatial_label	Dihedral_label	C-helix_label	Ligand	Ligand_label	X-DFG	Φ	Ψ	DFG-Asp	Φ	Ψ	DFG-Phe	Φ	Ψ	χ1	
	5LCU.pdb	AGC	0	A	DFGin	ABAminus	Chelix-in	IQP:401	Type1	183T	-118.46	-33.64	184D	-98.48	122.71	185F	-128.59	17.69	287.43
	Input	Group	Model	Chain	Spatial_label	Dihedral_label	C-helix_label	Ligand	Ligand_label	X-DFG	Φ	Ψ	DFG-Asp	Φ	Ψ	DFG-Phe	Φ	Ψ	χ1	
	5M0B.pdb	AGC	0	A	DFGin	BLAminus	Chelix-in	IQU:401	Type1	183T	-123.22	164.24	184D	73.76	92.16	185F	-102.04	24.70	282.81
	Input	Group	Model	Chain	Spatial_label	Dihedral_label	C-helix_label	Ligand	Ligand_label	X-DFG	Φ	Ψ	DFG-Asp	Φ	Ψ	DFG-Phe	Φ	Ψ	χ1	
	5M0C.pdb	AGC	0	A	DFGin	BLAminus	Chelix-in	7CB:401	Type1	183T	-122.77	175.08	184D	63.79	89.70	185F	-99.98	24.75	269.77
	Input	Group	Model	Chain	Spatial_label	Dihedral_label	C-helix_label	Ligand	Ligand_label	X-DFG	Φ	Ψ	DFG-Asp	Φ	Ψ	DFG-Phe	Φ	Ψ	χ1	
	5M0L.pdb	AGC	0	A	DFGin	BLAminus	Chelix-in	7CT:401,7CT:402	Type1,Allosteric	183T	-125.24	171.39	184D	72.54	82.78	185F	-94.45	21.51	274.70
	Input	Group	Model	Chain	Spatial_label	Dihedral_label	C-helix_label	Ligand	Ligand_label	X-DFG	Φ	Ψ	DFG-Asp	Φ	Ψ	DFG-Phe	Φ	Ψ	χ1	
	5M6V.pdb	AGC	0	A	DFGin	ABAminus	Chelix-in	H52:401	Type1	183T	-128.93	-36.38	184D	-82.47	115.78	185F	-126.79	13.38	284.62
	Input	Group	Model	Chain	Spatial_label	Dihedral_label	C-helix_label	Ligand	Ligand_label	X-DFG	Φ	Ψ	DFG-Asp	Φ	Ψ	DFG-Phe	Φ	Ψ	χ1	
	5M6Y.pdb	AGC	0	A	DFGin	ABAminus	Chelix-in	7KB:401	Type1	183T	-120.54	-28.06	184D	-100.70	125.25	185F	-133.25	5.41	291.12
	Input	Group	Model	Chain	Spatial_label	Dihedral_label	C-helix_label	Ligand	Ligand_label	X-DFG	Φ	Ψ	DFG-Asp	Φ	Ψ	DFG-Phe	Φ	Ψ	χ1	
	5M71.pdb	AGC	0	A	DFGin	ABAminus	Chelix-in	7K7:401	Type1	183T	-119.85	-32.84	184D	-98.53	122.12	185F	-124.32	17.46	284.12
	Input	Group	Model	Chain	Spatial_label	Dihedral_label	C-helix_label	Ligand	Ligand_label	X-DFG	Φ	Ψ	DFG-Asp	Φ	Ψ	DFG-Phe	Φ	Ψ	χ1	
	5M75.pdb	AGC	0	A	DFGin	ABAminus	Chelix-in	9K6:402	Type1	183T	-122.93	-37.42	184D	-95.22	118.15	185F	-122.41	18.78	283.61
	Input	Group	Model	Chain	Spatial_label	Dihedral_label	C-helix_label	Ligand	Ligand_label	X-DFG	Φ	Ψ	DFG-Asp	Φ	Ψ	DFG-Phe	Φ	Ψ	χ1	
	5MHI.pdb	AGC	0	A	DFGin	BLAminus	Chelix-in	7N9:402,7N9:403	Type1,Allosteric	183T	-123.97	171.25	184D	68.38	93.75	185F	-105.37	25.41	275.20
	Input	Group	Model	Chain	Spatial_label	Dihedral_label	C-helix_label	Ligand	Ligand_label	X-DFG	Φ	Ψ	DFG-Asp	Φ	Ψ	DFG-Phe	Φ	Ψ	χ1	
	5N1D.pdb	AGC	0	A	DFGin	ABAminus	Chelix-in	8FZ:403	Type1	183T	-119.36	-25.35	184D	-95.05	134.07	185F	-134.00	35.23	286.49
	Input	Group	Model	Chain	Spatial_label	Dihedral_label	C-helix_label	Ligand	Ligand_label	X-DFG	Φ	Ψ	DFG-Asp	Φ	Ψ	DFG-Phe	Φ	Ψ	χ1	
	5N1E.pdb	AGC	0	A	DFGin	BLAminus	Chelix-in	9NT:402	Type1	183T	-116.94	171.55	184D	65.10	106.63	185F	-111.97	27.73	271.53
	Input	Group	Model	Chain	Spatial_label	Dihedral_label	C-helix_label	Ligand	Ligand_label	X-DFG	Φ	Ψ	DFG-Asp	Φ	Ψ	DFG-Phe	Φ	Ψ	χ1	
	5N1F.pdb	AGC	0	A	DFGin	BLAminus	Chelix-in	8ET:403	Type1	183T	-125.76	161.54	184D	76.66	90.69	185F	-99.25	24.03	270.12
	Input	Group	Model	Chain	Spatial_label	Dihedral_label	C-helix_label	Ligand	Ligand_label	X-DFG	Φ	Ψ	DFG-Asp	Φ	Ψ	DFG-Phe	Φ	Ψ	χ1	
	5N1G.pdb	AGC	0	A	DFGin	BLAminus	Chelix-in	8G5:403	Allosteric	183T	-120.55	160.72	184D	78.08	93.75	185F	-100.89	22.90	268.69
	Input	Group	Model	Chain	Spatial_label	Dihedral_label	C-helix_label	Ligand	Ligand_label	X-DFG	Φ	Ψ	DFG-Asp	Φ	Ψ	DFG-Phe	Φ	Ψ	χ1	
	5N1H.pdb	AGC	0	A	DFGin	BLAminus	Chelix-in	8G2:403	Type1	183T	-124.07	161.77	184D	78.11	91.86	185F	-99.37	24.42	270.96
	Input	Group	Model	Chain	Spatial_label	Dihedral_label	C-helix_label	Ligand	Ligand_label	X-DFG	Φ	Ψ	DFG-Asp	Φ	Ψ	DFG-Phe	Φ	Ψ	χ1	
	5N1K.pdb	AGC	0	A	DFGin	BLAminus	Chelix-in	489:401,489:402	Type1,Allosteric	183T	-129.58	-178.71	184D	64.55	76.01	185F	-90.26	23.75	273.79
	Input	Group	Model	Chain	Spatial_label	Dihedral_label	C-helix_label	Ligand	Ligand_label	X-DFG	Φ	Ψ	DFG-Asp	Φ	Ψ	DFG-Phe	Φ	Ψ	χ1	
	5N1L.pdb	AGC	0	A	DFGin	BLAminus	Chelix-in	47V:401	Type1	183T	-123.64	176.95	184D	64.79	82.82	185F	-93.93	24.80	274.07
	Input	Group	Model	Chain	Spatial_label	Dihedral_label	C-helix_label	Ligand	Ligand_label	X-DFG	Φ	Ψ	DFG-Asp	Φ	Ψ	DFG-Phe	Φ	Ψ	χ1	
	5N1M.pdb	AGC	0	A	DFGin	BLAminus	Chelix-in	BJK:403	Type1	183T	-123.41	174.50	184D	65.19	101.23	185F	-111.22	25.09	279.28
	Input	Group	Model	Chain	Spatial_label	Dihedral_label	C-helix_label	Ligand	Ligand_label	X-DFG	Φ	Ψ	DFG-Asp	Φ	Ψ	DFG-Phe	Φ	Ψ	χ1	
	5N1N.pdb	AGC	0	A	DFGin	BLAminus	Chelix-in	8G8:402	Allosteric	183T	-123.89	-172.22	184D	60.93	80.40	185F	-92.44	26.18	275.59
	Input	Group	Model	Chain	Spatial_label	Dihedral_label	C-helix_label	Ligand	Ligand_label	X-DFG	Φ	Ψ	DFG-Asp	Φ	Ψ	DFG-Phe	Φ	Ψ	χ1	
	5N1O.pdb	AGC	0	A	DFGin	BLAminus	Chelix-in	8GB:402	Type1	183T	-117.96	-179.86	184D	55.40	87.26	185F	-94.87	24.62	276.45
	Input	Group	Model	Chain	Spatial_label	Dihedral_label	C-helix_label	Ligand	Ligand_label	X-DFG	Φ	Ψ	DFG-Asp	Φ	Ψ	DFG-Phe	Φ	Ψ	χ1	
	5N23.pdb	AGC	0	A	DFGin	BLAminus	Chelix-in	35R:401	Type1	183A	-109.83	165.02	184D	72.70	94.27	185F	-97.78	24.01	286.85
	Input	Group	Model	Chain	Spatial_label	Dihedral_label	C-helix_label	Ligand	Ligand_label	X-DFG	Φ	Ψ	DFG-Asp	Φ	Ψ	DFG-Phe	Φ	Ψ	χ1	
	5N32.pdb	AGC	0	A	DFGin	BLAminus	Chelix-in	8K5:401,8K5:402	Type1,Allosteric	183T	-123.43	169.73	184D	68.32	89.82	185F	-99.03	25.86	273.98
	Input	Group	Model	Chain	Spatial_label	Dihedral_label	C-helix_label	Ligand	Ligand_label	X-DFG	Φ	Ψ	DFG-Asp	Φ	Ψ	DFG-Phe	Φ	Ψ	χ1	
	5N33.pdb	AGC	0	A	DFGin	BLAminus	Chelix-in	8JW:401	Type1	183T	-124.76	172.62	184D	66.00	85.95	185F	-97.34	23.47	278.51
	Input	Group	Model	Chain	Spatial_label	Dihedral_label	C-helix_label	Ligand	Ligand_label	X-DFG	Φ	Ψ	DFG-Asp	Φ	Ψ	DFG-Phe	Φ	Ψ	χ1	
	5N36.pdb	AGC	0	A	DFGin	BLAminus	Chelix-in	F05:402	Type1	183T	-119.92	-178.94	184D	65.61	75.08	185F	-89.84	25.76	275.95
	Input	Group	Model	Chain	Spatial_label	Dihedral_label	C-helix_label	Ligand	Ligand_label	X-DFG	Φ	Ψ	DFG-Asp	Φ	Ψ	DFG-Phe	Φ	Ψ	χ1	
	5N37.pdb	AGC	0	A	DFGin	BLAminus	Chelix-in	8JT:402,8JT:403	Allosteric,Allosteric	183T	-123.92	-170.55	184D	59.87	72.40	185F	-89.59	22.41	275.20
	Input	Group	Model	Chain	Spatial_label	Dihedral_label	C-helix_label	Ligand	Ligand_label	X-DFG	Φ	Ψ	DFG-Asp	Φ	Ψ	DFG-Phe	Φ	Ψ	χ1	
	5N39.pdb	AGC	0	A	DFGin	BLAminus	Chelix-in	8LZ:401	Type1	183T	-115.61	178.64	184D	62.65	78.33	185F	-93.23	24.20	279.01
	Input	Group	Model	Chain	Spatial_label	Dihedral_label	C-helix_label	Ligand	Ligand_label	X-DFG	Φ	Ψ	DFG-Asp	Φ	Ψ	DFG-Phe	Φ	Ψ	χ1	
	5N3A.pdb	AGC	0	A	DFGin	BLAminus	Chelix-in	46P:404	Type1	183T	-119.17	-176.19	184D	62.26	81.42	185F	-92.16	24.71	273.80
	Input	Group	Model	Chain	Spatial_label	Dihedral_label	C-helix_label	Ligand	Ligand_label	X-DFG	Φ	Ψ	DFG-Asp	Φ	Ψ	DFG-Phe	Φ	Ψ	χ1	
	5N3B.pdb	AGC	0	A	DFGin	BLAminus	Chelix-in	BJN:402	Type1	183T	-127.99	-176.28	184D	55.77	87.43	185F	-96.19	25.66	273.47
	Input	Group	Model	Chain	Spatial_label	Dihedral_label	C-helix_label	Ligand	Ligand_label	X-DFG	Φ	Ψ	DFG-Asp	Φ	Ψ	DFG-Phe	Φ	Ψ	χ1	
	5N3C.pdb	AGC	0	A	DFGin	BLAminus	Chelix-in	8M2:401	Type1	183T	-119.65	-170.80	184D	58.89	76.61	185F	-92.51	23.35	273.34
	Input	Group	Model	Chain	Spatial_label	Dihedral_label	C-helix_label	Ligand	Ligand_label	X-DFG	Φ	Ψ	DFG-Asp	Φ	Ψ	DFG-Phe	Φ	Ψ	χ1	
	5N3D.pdb	AGC	0	A	DFGin	ABAminus	Chelix-in	8NE:401	Type1	183T	-125.06	6.06	184D	-141.01	114.08	185F	-108.34	25.78	270.84
	Input	Group	Model	Chain	Spatial_label	Dihedral_label	C-helix_label	Ligand	Ligand_label	X-DFG	Φ	Ψ	DFG-Asp	Φ	Ψ	DFG-Phe	Φ	Ψ	χ1	
	5N3E.pdb	AGC	0	A	DFGin	BLAminus	Chelix-in	46L:401	Type1	183T	-127.71	175.81	184D	62.83	90.97	185F	-100.32	25.03	271.80
	Input	Group	Model	Chain	Spatial_label	Dihedral_label	C-helix_label	Ligand	Ligand_label	X-DFG	Φ	Ψ	DFG-Asp	Φ	Ψ	DFG-Phe	Φ	Ψ	χ1	
	5N3F.pdb	AGC	0	A	DFGin	BLAminus	Chelix-in	463:403,463:404	Type1,Allosteric	183T	-117.37	-176.84	184D	55.46	81.93	185F	-92.56	25.55	274.27
	Input	Group	Model	Chain	Spatial_label	Dihedral_label	C-helix_label	Ligand	Ligand_label	X-DFG	Φ	Ψ	DFG-Asp	Φ	Ψ	DFG-Phe	Φ	Ψ	χ1	
	5N3G.pdb	AGC	0	A	DFGin	BLAminus	Chelix-in	8KB:401,8KB:402	Allosteric,Allosteric	183T	-122.61	161.70	184D	77.55	93.02	185F	-100.37	23.32	270.97
	Input	Group	Model	Chain	Spatial_label	Dihedral_label	C-helix_label	Ligand	Ligand_label	X-DFG	Φ	Ψ	DFG-Asp	Φ	Ψ	DFG-Phe	Φ	Ψ	χ1	
	5N3H.pdb	AGC	0	A	DFGin	BLAminus	Chelix-in	NCA:401	Type1	183T	-122.60	-180.00	184D	63.23	82.13	185F	-91.36	22.79	272.99
	Input	Group	Model	Chain	Spatial_label	Dihedral_label	C-helix_label	Ligand	Ligand_label	X-DFG	Φ	Ψ	DFG-Asp	Φ	Ψ	DFG-Phe	Φ	Ψ	χ1	
	5N3I.pdb	AGC	0	A	DFGin	BLAminus	Chelix-in	BJQ:404	Allosteric	183T	-121.15	165.89	184D	72.60	94.77	185F	-102.91	24.31	271.68
	Input	Group	Model	Chain	Spatial_label	Dihedral_label	C-helix_label	Ligand	Ligand_label	X-DFG	Φ	Ψ	DFG-Asp	Φ	Ψ	DFG-Phe	Φ	Ψ	χ1	
	5N3J.pdb	AGC	0	A	DFGin	BLAminus	Chelix-in	4NB:402	Type1	183T	-127.12	170.53	184D	67.64	82.17	185F	-90.51	22.12	271.33
	Input	Group	Model	Chain	Spatial_label	Dihedral_label	C-helix_label	Ligand	Ligand_label	X-DFG	Φ	Ψ	DFG-Asp	Φ	Ψ	DFG-Phe	Φ	Ψ	χ1	
	5N3K.pdb	AGC	0	A	DFGin	BLAminus	Chelix-in	GGB:401	Allosteric	183T	-124.60	161.61	184D	76.98	90.66	185F	-99.67	25.29	272.38
	Input	Group	Model	Chain	Spatial_label	Dihedral_label	C-helix_label	Ligand	Ligand_label	X-DFG	Φ	Ψ	DFG-Asp	Φ	Ψ	DFG-Phe	Φ	Ψ	χ1	
	5N3L.pdb	AGC	0	A	DFGin	BLAminus	Chelix-in	E5E:403	Type1	183T	-110.00	-170.99	184D	60.26	70.60	185F	-90.47	19.96	272.32
	Input	Group	Model	Chain	Spatial_label	Dihedral_label	C-helix_label	Ligand	Ligand_label	X-DFG	Φ	Ψ	DFG-Asp	Φ	Ψ	DFG-Phe	Φ	Ψ	χ1	
	5N3N.pdb	AGC	0	A	DFGin	BLAminus	Chelix-in	152:403	Allosteric	183T	-123.59	163.17	184D	75.18	93.32	185F	-100.77	23.69	272.14
	Input	Group	Model	Chain	Spatial_label	Dihedral_label	C-helix_label	Ligand	Ligand_label	X-DFG	Φ	Ψ	DFG-Asp	Φ	Ψ	DFG-Phe	Φ	Ψ	χ1	
	5N3O.pdb	AGC	0	A	DFGin	BLAminus	Chelix-in	5AO:403,5AO:404,5AO:405	Allosteric,Type1,Allosteric	183T	-124.74	162.74	184D	72.04	91.70	185F	-99.25	24.26	270.68
	Input	Group	Model	Chain	Spatial_label	Dihedral_label	C-helix_label	Ligand	Ligand_label	X-DFG	Φ	Ψ	DFG-Asp	Φ	Ψ	DFG-Phe	Φ	Ψ	χ1	
	5N3P.pdb	AGC	0	A	DFGin	BLAminus	Chelix-in	5H1:403	Type1	183T	-127.20	167.30	184D	74.22	87.87	185F	-97.57	26.23	270.81
	Input	Group	Model	Chain	Spatial_label	Dihedral_label	C-helix_label	Ligand	Ligand_label	X-DFG	Φ	Ψ	DFG-Asp	Φ	Ψ	DFG-Phe	Φ	Ψ	χ1	
	5N3Q.pdb	AGC	0	A	DFGin	BLAminus	Chelix-in	3AB:402,3AB:403	Type1,Allosteric	183T	-125.56	161.33	184D	75.46	92.40	185F	-98.05	24.41	270.83
	Input	Group	Model	Chain	Spatial_label	Dihedral_label	C-helix_label	Ligand	Ligand_label	X-DFG	Φ	Ψ	DFG-Asp	Φ	Ψ	DFG-Phe	Φ	Ψ	χ1	
	5N3R.pdb	AGC	0	A	DFGin	BLAminus	Chelix-in	CDT:401	Allosteric	183T	-123.40	166.85	184D	72.82	88.41	185F	-96.79	24.64	271.02
	Input	Group	Model	Chain	Spatial_label	Dihedral_label	C-helix_label	Ligand	Ligand_label	X-DFG	Φ	Ψ	DFG-Asp	Φ	Ψ	DFG-Phe	Φ	Ψ	χ1	
	5N3S.pdb	AGC	0	A	DFGin	BLAminus	Chelix-in	HBD:401	Type1	183T	-125.26	171.68	184D	71.74	87.26	185F	-96.68	22.46	273.22
	Input	Group	Model	Chain	Spatial_label	Dihedral_label	C-helix_label	Ligand	Ligand_label	X-DFG	Φ	Ψ	DFG-Asp	Φ	Ψ	DFG-Phe	Φ	Ψ	χ1	
	5N3T.pdb	AGC	0	A	DFGin	BLAminus	Chelix-in	8K2:401,8K2:402	Allosteric,Allosteric	183T	-125.21	167.50	184D	70.97	90.28	185F	-98.07	24.21	271.06
	Input	Group	Model	Chain	Spatial_label	Dihedral_label	C-helix_label	Ligand	Ligand_label	X-DFG	Φ	Ψ	DFG-Asp	Φ	Ψ	DFG-Phe	Φ	Ψ	χ1	
	5N7P.pdb	AGC	0	A	DFGin	BLAminus	Chelix-in	E9Q:401	Type1	183T	-126.92	176.32	184D	67.60	84.98	185F	-97.07	24.30	276.23
	Input	Group	Model	Chain	Spatial_label	Dihedral_label	C-helix_label	Ligand	Ligand_label	X-DFG	Φ	Ψ	DFG-Asp	Φ	Ψ	DFG-Phe	Φ	Ψ	χ1	
	5N7U.pdb	AGC	0	A	DFGin	BLAminus	Chelix-in	8PQ:402	Type1	183T	-120.54	174.37	184D	71.79	80.65	185F	-93.18	24.34	271.72
	Input	Group	Model	Chain	Spatial_label	Dihedral_label	C-helix_label	Ligand	Ligand_label	X-DFG	Φ	Ψ	DFG-Asp	Φ	Ψ	DFG-Phe	Φ	Ψ	χ1	
	5NW8.pdb	AGC	0	A	DFGin	ABAminus	Chelix-in	M77:402	Type1	183T	-118.68	-32.42	184D	-99.03	121.53	185F	-122.45	23.74	290.12
	Input	Group	Model	Chain	Spatial_label	Dihedral_label	C-helix_label	Ligand	Ligand_label	X-DFG	Φ	Ψ	DFG-Asp	Φ	Ψ	DFG-Phe	Φ	Ψ	χ1	
	5O0E.pdb	AGC	0	A	DFGin	ABAminus	Chelix-in	M77:401	Type1	183T	-120.87	-28.54	184D	-98.90	119.84	185F	-125.00	19.69	283.23
	Input	Group	Model	Chain	Spatial_label	Dihedral_label	C-helix_label	Ligand	Ligand_label	X-DFG	Φ	Ψ	DFG-Asp	Φ	Ψ	DFG-Phe	Φ	Ψ	χ1	
	5O5M.pdb	AGC	0	A	DFGin	ABAminus	Chelix-in	9LQ:401	Type1	183T	-103.50	-42.75	184D	-109.64	134.16	185F	-133.73	10.26	296.02
	Input	Group	Model	Chain	Spatial_label	Dihedral_label	C-helix_label	Ligand	Ligand_label	X-DFG	Φ	Ψ	DFG-Asp	Φ	Ψ	DFG-Phe	Φ	Ψ	χ1	
	5OK3.pdb	AGC	0	A	DFGin	ABAminus	Chelix-in	M77:401	Type1	183T	-120.44	-31.18	184D	-98.89	117.63	185F	-123.60	23.39	284.71
	Input	Group	Model	Chain	Spatial_label	Dihedral_label	C-helix_label	Ligand	Ligand_label	X-DFG	Φ	Ψ	DFG-Asp	Φ	Ψ	DFG-Phe	Φ	Ψ	χ1	
	5OL3.pdb	AGC	0	A	DFGin	ABAminus	Chelix-in	9LQ:401	Type1	183T	-103.07	-42.44	184D	-110.53	139.16	185F	-139.44	13.42	297.30
	Input	Group	Model	Chain	Spatial_label	Dihedral_label	C-helix_label	Ligand	Ligand_label	X-DFG	Φ	Ψ	DFG-Asp	Φ	Ψ	DFG-Phe	Φ	Ψ	χ1	
	5OT3.pdb	AGC	0	A	DFGin	ABAminus	Chelix-in	9LQ:401	Type1	183T	-113.79	-34.42	184D	-102.76	127.41	185F	-133.44	15.99	294.30
	Input	Group	Model	Chain	Spatial_label	Dihedral_label	C-helix_label	Ligand	Ligand_label	X-DFG	Φ	Ψ	DFG-Asp	Φ	Ψ	DFG-Phe	Φ	Ψ	χ1	
	5OTG.pdb	AGC	0	A	DFGin	ABAminus	Chelix-in	AO8:401	Type1	183T	-116.07	-34.14	184D	-101.63	135.19	185F	-132.51	30.55	284.27
	Input	Group	Model	Chain	Spatial_label	Dihedral_label	C-helix_label	Ligand	Ligand_label	X-DFG	Φ	Ψ	DFG-Asp	Φ	Ψ	DFG-Phe	Φ	Ψ	χ1	
	5OUC.pdb	AGC	0	A	DFGin	ABAminus	Chelix-in	AO8:401	Type1	183T	-118.72	-31.35	184D	-98.66	124.06	185F	-126.19	22.18	285.25
	Input	Group	Model	Chain	Spatial_label	Dihedral_label	C-helix_label	Ligand	Ligand_label	X-DFG	Φ	Ψ	DFG-Asp	Φ	Ψ	DFG-Phe	Φ	Ψ	χ1	
	5UZK.pdb	AGC	0	A	DFGin	BLAminus	Chelix-in	504:401	Type1	183T	-125.23	159.32	184D	70.49	97.31	185F	-104.94	23.81	281.36
	Input	Group	Model	Chain	Spatial_label	Dihedral_label	C-helix_label	Ligand	Ligand_label	X-DFG	Φ	Ψ	DFG-Asp	Φ	Ψ	DFG-Phe	Φ	Ψ	χ1	
	5VHB.pdb	AGC	0	A	DFGin	BLAminus	Chelix-in	9CY:401	Type1	184T	-119.66	-177.23	185D	60.94	80.11	186F	-93.35	23.41	272.21
	Input	Group	Model	Chain	Spatial_label	Dihedral_label	C-helix_label	Ligand	Ligand_label	X-DFG	Φ	Ψ	DFG-Asp	Φ	Ψ	DFG-Phe	Φ	Ψ	χ1	
	5VIB.pdb	AGC	0	A	DFGin	ABAminus	Chelix-in	9D1:401	Type1	184T	-107.11	-34.58	185D	-98.31	117.88	186F	-117.47	22.93	281.07
	Input	Group	Model	Chain	Spatial_label	Dihedral_label	C-helix_label	Ligand	Ligand_label	X-DFG	Φ	Ψ	DFG-Asp	Φ	Ψ	DFG-Phe	Φ	Ψ	χ1	
	6C0U.pdb	AGC	0	A	DFGin	BLAminus	Chelix-in	EE4:400	Type1	183T	-130.77	175.54	184D	62.84	100.35	185F	-119.36	26.56	282.24
	Input	Group	Model	Chain	Spatial_label	Dihedral_label	C-helix_label	Ligand	Ligand_label	X-DFG	Φ	Ψ	DFG-Asp	Φ	Ψ	DFG-Phe	Φ	Ψ	χ1	
	6E21.pdb	AGC	0	A	DFGin	BLAminus	Chelix-in	ADP:403	Type1	183T	-122.61	176.37	184D	63.02	83.41	185F	-94.20	28.27	284.30
	Input	Group	Model	Chain	Spatial_label	Dihedral_label	C-helix_label	Ligand	Ligand_label	X-DFG	Φ	Ψ	DFG-Asp	Φ	Ψ	DFG-Phe	Φ	Ψ	χ1	
	6E99.pdb	AGC	0	A	DFGin	BLAminus	Chelix-in	J0G:601	Type1	184T	-119.91	176.13	185D	61.41	87.48	186F	-95.36	20.23	270.62
	Input	Group	Model	Chain	Spatial_label	Dihedral_label	C-helix_label	Ligand	Ligand_label	X-DFG	Φ	Ψ	DFG-Asp	Φ	Ψ	DFG-Phe	Φ	Ψ	χ1	
	6E9L.pdb	AGC	0	A	DFGin	BLAminus	Chelix-in	J0P:401	Type1	184T	-98.87	-153.44	185D	32.95	78.78	186F	-89.60	15.58	275.81
	Input	Group	Model	Chain	Spatial_label	Dihedral_label	C-helix_label	Ligand	Ligand_label	X-DFG	Φ	Ψ	DFG-Asp	Φ	Ψ	DFG-Phe	Φ	Ψ	χ1	
	6EH2.pdb	AGC	0	A	DFGin	BLAminus	Chelix-in	AMP:401	Type1	183T	-126.18	164.33	184D	76.56	92.11	185F	-105.87	26.81	282.23
	Input	Group	Model	Chain	Spatial_label	Dihedral_label	C-helix_label	Ligand	Ligand_label	X-DFG	Φ	Ψ	DFG-Asp	Φ	Ψ	DFG-Phe	Φ	Ψ	χ1	
	6EH3.pdb	AGC	0	A	DFGin	ABAminus	Chelix-in	B4Z:401	Type1	183T	-116.24	-28.55	184D	-105.91	131.63	185F	-131.61	27.16	287.22
	Input	Group	Model	Chain	Spatial_label	Dihedral_label	C-helix_label	Ligand	Ligand_label	X-DFG	Φ	Ψ	DFG-Asp	Φ	Ψ	DFG-Phe	Φ	Ψ	χ1	
	6EM2.pdb	AGC	0	A	DFGin	BLAminus	Chelix-in	M77:401	Type1	183T	-119.73	168.43	184D	71.45	87.62	185F	-96.71	20.34	273.03
	Input	Group	Model	Chain	Spatial_label	Dihedral_label	C-helix_label	Ligand	Ligand_label	X-DFG	Φ	Ψ	DFG-Asp	Φ	Ψ	DFG-Phe	Φ	Ψ	χ1	
	6EM6.pdb	AGC	0	A	DFGin	BLAminus	Chelix-in	ADP:401	Type1	183T	-128.32	163.45	184D	74.87	92.52	185F	-104.27	28.45	286.23
	Input	Group	Model	Chain	Spatial_label	Dihedral_label	C-helix_label	Ligand	Ligand_label	X-DFG	Φ	Ψ	DFG-Asp	Φ	Ψ	DFG-Phe	Φ	Ψ	χ1	
	6EM7.pdb	AGC	0	A	DFGin	BLAminus	Chelix-in	ADP:403	Type1	183T	-118.71	173.10	184D	68.53	85.06	185F	-96.18	23.36	270.78
	Input	Group	Model	Chain	Spatial_label	Dihedral_label	C-helix_label	Ligand	Ligand_label	X-DFG	Φ	Ψ	DFG-Asp	Φ	Ψ	DFG-Phe	Φ	Ψ	χ1	
	6EMA.pdb	AGC	0	A	DFGin	BLAminus	Chelix-in	ATP:401	Type1	183T	-121.30	163.01	184D	76.03	95.19	185F	-107.48	29.41	285.05
	Input	Group	Model	Chain	Spatial_label	Dihedral_label	C-helix_label	Ligand	Ligand_label	X-DFG	Φ	Ψ	DFG-Asp	Φ	Ψ	DFG-Phe	Φ	Ψ	χ1	
	6ERT.pdb	AGC	0	A	DFGin	ABAminus	Chelix-in	BVZ:401	Type1	183T	-115.39	-20.57	184D	-108.62	132.15	185F	-135.58	27.66	297.14
	Input	Group	Model	Chain	Spatial_label	Dihedral_label	C-helix_label	Ligand	Ligand_label	X-DFG	Φ	Ψ	DFG-Asp	Φ	Ψ	DFG-Phe	Φ	Ψ	χ1	
	6ERW.pdb	AGC	0	A	DFGin	ABAminus	Chelix-in	M77:401	Type1	183T	-121.15	-34.81	184D	-95.55	109.86	185F	-114.31	21.73	291.27
	Input	Group	Model	Chain	Spatial_label	Dihedral_label	C-helix_label	Ligand	Ligand_label	X-DFG	Φ	Ψ	DFG-Asp	Φ	Ψ	DFG-Phe	Φ	Ψ	χ1	
	6ESA.pdb	AGC	0	A	DFGin	BLAminus	Chelix-in	AMP:401	Type1	183T	-120.63	169.73	184D	70.22	89.96	185F	-100.72	24.50	270.85
	Input	Group	Model	Chain	Spatial_label	Dihedral_label	C-helix_label	Ligand	Ligand_label	X-DFG	Φ	Ψ	DFG-Asp	Φ	Ψ	DFG-Phe	Φ	Ψ	χ1	
	6F14.pdb	AGC	0	A	DFGin	BLAminus	Chelix-in	ISQ:401	Type1	183T	-122.05	170.08	184D	68.01	92.59	185F	-99.92	26.02	274.99
	Input	Group	Model	Chain	Spatial_label	Dihedral_label	C-helix_label	Ligand	Ligand_label	X-DFG	Φ	Ψ	DFG-Asp	Φ	Ψ	DFG-Phe	Φ	Ψ	χ1	
	6FRX.pdb	AGC	0	A	DFGin	BLAminus	Chelix-in	E3Z:401	Type1	183A	-103.80	165.76	184D	62.73	100.40	185F	-98.82	30.34	278.36
	Input	Group	Model	Chain	Spatial_label	Dihedral_label	C-helix_label	Ligand	Ligand_label	X-DFG	Φ	Ψ	DFG-Asp	Φ	Ψ	DFG-Phe	Φ	Ψ	χ1	
	6I2A.pdb	AGC	0	A	DFGin	ABAminus	Chelix-in	M77:401	Type1	183T	-122.01	-33.61	184D	-93.89	119.82	185F	-124.65	22.24	282.35
	Input	Group	Model	Chain	Spatial_label	Dihedral_label	C-helix_label	Ligand	Ligand_label	X-DFG	Φ	Ψ	DFG-Asp	Φ	Ψ	DFG-Phe	Φ	Ψ	χ1	
	6I2B.pdb	AGC	0	A	DFGin	ABAminus	Chelix-in	9LQ:401,9LQ:402	Type1,Allosteric	183T	-99.36	-48.22	184D	-103.96	139.83	185F	-136.93	15.62	290.92
	Input	Group	Model	Chain	Spatial_label	Dihedral_label	C-helix_label	Ligand	Ligand_label	X-DFG	Φ	Ψ	DFG-Asp	Φ	Ψ	DFG-Phe	Φ	Ψ	χ1	
	6I2C.pdb	AGC	0	A	DFGin	ABAminus	Chelix-in	M77:401	Type1	183T	-115.95	-34.45	184D	-102.09	116.90	185F	-120.62	23.53	285.01
	Input	Group	Model	Chain	Spatial_label	Dihedral_label	C-helix_label	Ligand	Ligand_label	X-DFG	Φ	Ψ	DFG-Asp	Φ	Ψ	DFG-Phe	Φ	Ψ	χ1	
	6I2D.pdb	AGC	0	A	DFGin	ABAminus	Chelix-in	9LQ:401	Type1	183T	-99.68	-45.99	184D	-105.21	136.79	185F	-132.46	16.35	286.72
	Input	Group	Model	Chain	Spatial_label	Dihedral_label	C-helix_label	Ligand	Ligand_label	X-DFG	Φ	Ψ	DFG-Asp	Φ	Ψ	DFG-Phe	Φ	Ψ	χ1	
	6I2H.pdb	AGC	0	A	DFGin	ABAminus	Chelix-in	AO8:401	Type1	183T	-115.56	-38.67	184D	-109.61	104.13	185F	-103.25	25.90	285.61
	Input	Group	Model	Chain	Spatial_label	Dihedral_label	C-helix_label	Ligand	Ligand_label	X-DFG	Φ	Ψ	DFG-Asp	Φ	Ψ	DFG-Phe	Φ	Ψ	χ1	
	6MM5.pdb	AGC	0	E	DFGin	BLAminus	Chelix-in	ANP:402	Type1	183T	-116.65	159.11	184D	76.02	91.05	185F	-92.83	26.22	286.06
	Input	Group	Model	Chain	Spatial_label	Dihedral_label	C-helix_label	Ligand	Ligand_label	X-DFG	Φ	Ψ	DFG-Asp	Φ	Ψ	DFG-Phe	Φ	Ψ	χ1	
	6QJ7.pdb	AGC	0	A	DFGin	BLAminus	Chelix-in	J4B:401	Type1	183T	-117.39	169.65	184D	69.58	85.56	185F	-98.10	21.35	272.03
	Input	Group	Model	Chain	Spatial_label	Dihedral_label	C-helix_label	Ligand	Ligand_label	X-DFG	Φ	Ψ	DFG-Asp	Φ	Ψ	DFG-Phe	Φ	Ψ	χ1	
	6SNN.pdb	AGC	0	A	DFGin	BLAminus	Chelix-in	BEZ:401	Type1	183T	-123.99	166.66	184D	75.94	90.28	185F	-99.21	23.86	273.03
	Input	Group	Model	Chain	Spatial_label	Dihedral_label	C-helix_label	Ligand	Ligand_label	X-DFG	Φ	Ψ	DFG-Asp	Φ	Ψ	DFG-Phe	Φ	Ψ	χ1	
	6SNX.pdb	AGC	0	A	DFGin	BLAminus	Chelix-in	UNU:401,UNU:402	Type1,Allosteric	183T	-124.17	164.75	184D	75.95	90.24	185F	-99.89	24.44	300.69
	Input	Group	Model	Chain	Spatial_label	Dihedral_label	C-helix_label	Ligand	Ligand_label	X-DFG	Φ	Ψ	DFG-Asp	Φ	Ψ	DFG-Phe	Φ	Ψ	χ1	
	6SOX.pdb	AGC	0	A	DFGin	BLAminus	Chelix-in	LQ2:401	Type1	183T	-121.99	165.62	184D	75.02	89.03	185F	-96.98	24.48	271.29
	Input	Group	Model	Chain	Spatial_label	Dihedral_label	C-helix_label	Ligand	Ligand_label	X-DFG	Φ	Ψ	DFG-Asp	Φ	Ψ	DFG-Phe	Φ	Ψ	χ1	
	6SPM.pdb	AGC	0	A	DFGin	BLAminus	Chelix-in	3AE:401	Type1	183T	-121.89	163.82	184D	77.50	92.47	185F	-99.74	24.32	270.80
	Input	Group	Model	Chain	Spatial_label	Dihedral_label	C-helix_label	Ligand	Ligand_label	X-DFG	Φ	Ψ	DFG-Asp	Φ	Ψ	DFG-Phe	Φ	Ψ	χ1	
	6SPS.pdb	AGC	0	A	DFGin	BLAminus	Chelix-in	LR5:403	Type1	183T	-118.19	155.72	184D	80.75	97.46	185F	-102.88	27.66	269.69
	Input	Group	Model	Chain	Spatial_label	Dihedral_label	C-helix_label	Ligand	Ligand_label	X-DFG	Φ	Ψ	DFG-Asp	Φ	Ψ	DFG-Phe	Φ	Ψ	χ1	
	6SPU.pdb	AGC	0	A	DFGin	BLAminus	Chelix-in	GAB:405	Type1	183T	-124.89	173.74	184D	70.50	84.79	185F	-97.09	23.42	270.79
	Input	Group	Model	Chain	Spatial_label	Dihedral_label	C-helix_label	Ligand	Ligand_label	X-DFG	Φ	Ψ	DFG-Asp	Φ	Ψ	DFG-Phe	Φ	Ψ	χ1	
	6SPY.pdb	AGC	0	A	DFGin	BLAminus	Chelix-in	LR8:401	Type1	183T	-123.39	156.65	184D	76.97	93.28	185F	-100.34	25.08	268.49
	Input	Group	Model	Chain	Spatial_label	Dihedral_label	C-helix_label	Ligand	Ligand_label	X-DFG	Φ	Ψ	DFG-Asp	Φ	Ψ	DFG-Phe	Φ	Ψ	χ1	
	6SQ1.pdb	AGC	0	A	DFGin	BLAminus	Chelix-in	LRT:403	Type1	183T	-121.82	172.08	184D	69.08	85.11	185F	-99.08	24.47	277.80
	Input	Group	Model	Chain	Spatial_label	Dihedral_label	C-helix_label	Ligand	Ligand_label	X-DFG	Φ	Ψ	DFG-Asp	Φ	Ψ	DFG-Phe	Φ	Ψ	χ1	
	6Y05.pdb	AGC	0	A	DFGin	BLAminus	Chelix-in	ADE:401	Type1	183T	-122.64	176.12	184D	60.36	98.08	185F	-109.85	29.56	293.55
	Input	Group	Model	Chain	Spatial_label	Dihedral_label	C-helix_label	Ligand	Ligand_label	X-DFG	Φ	Ψ	DFG-Asp	Φ	Ψ	DFG-Phe	Φ	Ψ	χ1	
	6Y0B.pdb	AGC	0	A	DFGin	ABAminus	Chelix-in	1LQ:401	Type1	183T	-119.36	-25.78	184D	-99.11	124.20	185F	-126.18	31.38	288.48
	Input	Group	Model	Chain	Spatial_label	Dihedral_label	C-helix_label	Ligand	Ligand_label	X-DFG	Φ	Ψ	DFG-Asp	Φ	Ψ	DFG-Phe	Φ	Ψ	χ1	
	6Y2O.pdb	AGC	0	A	DFGin	BLAminus	Chelix-in	O72:406	Type1	183T	-118.78	164.93	184D	68.57	89.56	185F	-98.21	23.60	280.79
	Input	Group	Model	Chain	Spatial_label	Dihedral_label	C-helix_label	Ligand	Ligand_label	X-DFG	Φ	Ψ	DFG-Asp	Φ	Ψ	DFG-Phe	Φ	Ψ	χ1	
	6Y2U.pdb	AGC	0	A	DFGin	ABAminus	Chelix-in	LRT:401	Type1	183T	-116.92	-29.75	184D	-101.39	118.53	185F	-125.00	17.84	293.72
	Input	Group	Model	Chain	Spatial_label	Dihedral_label	C-helix_label	Ligand	Ligand_label	X-DFG	Φ	Ψ	DFG-Asp	Φ	Ψ	DFG-Phe	Φ	Ψ	χ1	
	6Y89.pdb	AGC	0	A	DFGin	BLAminus	Chelix-in	OGB:401	Type1	183T	-122.55	174.86	184D	63.66	84.18	185F	-93.47	25.46	274.90
	Input	Group	Model	Chain	Spatial_label	Dihedral_label	C-helix_label	Ligand	Ligand_label	X-DFG	Φ	Ψ	DFG-Asp	Φ	Ψ	DFG-Phe	Φ	Ψ	χ1	
	6Y8C.pdb	AGC	0	A	DFGin	BLAminus	Chelix-in	ATP:402	Type1	183T	-124.01	172.56	184D	69.54	82.75	185F	-92.17	25.71	279.43
	Input	Group	Model	Chain	Spatial_label	Dihedral_label	C-helix_label	Ligand	Ligand_label	X-DFG	Φ	Ψ	DFG-Asp	Φ	Ψ	DFG-Phe	Φ	Ψ	χ1	
	6YNA.pdb	AGC	0	A	DFGin	BLAminus	Chelix-in	M77:402	Type1	183T	-119.97	179.81	184D	63.18	78.74	185F	-92.33	22.25	274.00
	Input	Group	Model	Chain	Spatial_label	Dihedral_label	C-helix_label	Ligand	Ligand_label	X-DFG	Φ	Ψ	DFG-Asp	Φ	Ψ	DFG-Phe	Φ	Ψ	χ1	
	6YNB.pdb	AGC	0	A	DFGin	BLAminus	Chelix-in	IQU:401	Type1	183T	-116.39	-174.14	184D	61.97	75.90	185F	-98.09	21.38	275.29
	Input	Group	Model	Chain	Spatial_label	Dihedral_label	C-helix_label	Ligand	Ligand_label	X-DFG	Φ	Ψ	DFG-Asp	Φ	Ψ	DFG-Phe	Φ	Ψ	χ1	
	6YNC.pdb	AGC	0	A	DFGin	BLAminus	Chelix-in	7CT:401	Type1	183T	-120.84	169.66	184D	71.14	83.41	185F	-95.83	21.91	274.38
	Input	Group	Model	Chain	Spatial_label	Dihedral_label	C-helix_label	Ligand	Ligand_label	X-DFG	Φ	Ψ	DFG-Asp	Φ	Ψ	DFG-Phe	Φ	Ψ	χ1	
	6YNR.pdb	AGC	0	A	DFGin	BLAminus	Chelix-in	O72:403	Type1	183T	-121.49	-178.14	184D	59.24	91.50	185F	-99.85	25.16	274.80
	Input	Group	Model	Chain	Spatial_label	Dihedral_label	C-helix_label	Ligand	Ligand_label	X-DFG	Φ	Ψ	DFG-Asp	Φ	Ψ	DFG-Phe	Φ	Ψ	χ1	
	6YNT.pdb	AGC	0	A	DFGin	BLAminus	Chelix-in	LRT:405	Type1	183T	-127.91	-176.75	184D	61.73	78.45	185F	-90.88	25.31	272.67
	Input	Group	Model	Chain	Spatial_label	Dihedral_label	C-helix_label	Ligand	Ligand_label	X-DFG	Φ	Ψ	DFG-Asp	Φ	Ψ	DFG-Phe	Φ	Ψ	χ1	
	6YOT.pdb	AGC	0	A	DFGin	BLAminus	Chelix-in	P4W:401,P4W:402	Type1,Allosteric	183T	-117.20	168.17	184D	76.46	96.49	185F	-112.97	26.94	288.75
	Input	Group	Model	Chain	Spatial_label	Dihedral_label	C-helix_label	Ligand	Ligand_label	X-DFG	Φ	Ψ	DFG-Asp	Φ	Ψ	DFG-Phe	Φ	Ψ	χ1	
	6YOU.pdb	AGC	0	A	DFGin	BLAminus	Chelix-in	P4Q:401	Type1	183T	-120.12	165.39	184D	72.65	93.32	185F	-100.97	27.49	272.78
	Input	Group	Model	Chain	Spatial_label	Dihedral_label	C-helix_label	Ligand	Ligand_label	X-DFG	Φ	Ψ	DFG-Asp	Φ	Ψ	DFG-Phe	Φ	Ψ	χ1	
	6YPP.pdb	AGC	0	A	DFGin	BLAminus	Chelix-in	ISQ:401	Type1	183T	-125.48	168.15	184D	69.21	91.31	185F	-102.14	26.98	282.22
	Input	Group	Model	Chain	Spatial_label	Dihedral_label	C-helix_label	Ligand	Ligand_label	X-DFG	Φ	Ψ	DFG-Asp	Φ	Ψ	DFG-Phe	Φ	Ψ	χ1	
	6YPS.pdb	AGC	0	A	DFGin	BLAminus	Chelix-in	P72:402	Type1	183T	-118.11	171.84	184D	69.73	80.93	185F	-91.05	22.04	274.79
	Input	Group	Model	Chain	Spatial_label	Dihedral_label	C-helix_label	Ligand	Ligand_label	X-DFG	Φ	Ψ	DFG-Asp	Φ	Ψ	DFG-Phe	Φ	Ψ	χ1	
	6YQI.pdb	AGC	0	A	DFGin	BLAminus	Chelix-in	6TV:401	Type1	183T	-120.82	174.89	184D	73.20	74.91	185F	-95.39	21.12	285.78
	Input	Group	Model	Chain	Spatial_label	Dihedral_label	C-helix_label	Ligand	Ligand_label	X-DFG	Φ	Ψ	DFG-Asp	Φ	Ψ	DFG-Phe	Φ	Ψ	χ1	
	6YQJ.pdb	AGC	0	A	DFGin	BLAminus	Chelix-in	6TX:401	Type1	183T	-124.05	170.98	184D	64.80	82.67	185F	-94.01	24.19	278.03
	Input	Group	Model	Chain	Spatial_label	Dihedral_label	C-helix_label	Ligand	Ligand_label	X-DFG	Φ	Ψ	DFG-Asp	Φ	Ψ	DFG-Phe	Φ	Ψ	χ1	
	6YQK.pdb	AGC	0	A	DFGin	BLAminus	Chelix-in	7KB:401	Type1	183T	-116.26	-173.03	184D	63.67	71.26	185F	-93.41	20.30	275.00
	Input	Group	Model	Chain	Spatial_label	Dihedral_label	C-helix_label	Ligand	Ligand_label	X-DFG	Φ	Ψ	DFG-Asp	Φ	Ψ	DFG-Phe	Φ	Ψ	χ1	
	6Z08.pdb	AGC	0	A	DFGin	BLAminus	Chelix-in	NPO:401	Allosteric	183T	-122.89	-172.59	184D	56.38	85.78	185F	-96.10	22.67	273.13
	Input	Group	Model	Chain	Spatial_label	Dihedral_label	C-helix_label	Ligand	Ligand_label	X-DFG	Φ	Ψ	DFG-Asp	Φ	Ψ	DFG-Phe	Φ	Ψ	χ1	
	6Z44.pdb	AGC	0	A	DFGin	BLAminus	Chelix-in	No_ligand	None	183T	-128.59	169.82	184D	73.54	88.39	185F	-98.59	23.88	272.01
	Input	Group	Model	Chain	Spatial_label	Dihedral_label	C-helix_label	Ligand	Ligand_label	X-DFG	Φ	Ψ	DFG-Asp	Φ	Ψ	DFG-Phe	Φ	Ψ	χ1	
	6ZN0.pdb	AGC	0	A	DFGin	BLAminus	Chelix-in	NTN:404,NTN:405	Type1,Allosteric	183T	-125.40	174.29	184D	64.28	86.96	185F	-95.50	24.97	272.72
	Input	Group	Model	Chain	Spatial_label	Dihedral_label	C-helix_label	Ligand	Ligand_label	X-DFG	Φ	Ψ	DFG-Asp	Φ	Ψ	DFG-Phe	Φ	Ψ	χ1	
	7AXT.pdb	AGC	0	A	DFGin	BLAminus	Chelix-in	S9B:401	Type1	183T	-127.26	164.37	184D	75.45	88.43	185F	-100.63	25.42	283.50
	Input	Group	Model	Chain	Spatial_label	Dihedral_label	C-helix_label	Ligand	Ligand_label	X-DFG	Φ	Ψ	DFG-Asp	Φ	Ψ	DFG-Phe	Φ	Ψ	χ1	
	7AXV.pdb	AGC	0	A	DFGin	BLAminus	Chelix-in	S95:401,S95:402	Allosteric,Type1	183T	-124.66	165.59	184D	73.96	89.93	185F	-106.46	27.26	290.60
	Input	Group	Model	Chain	Spatial_label	Dihedral_label	C-helix_label	Ligand	Ligand_label	X-DFG	Φ	Ψ	DFG-Asp	Φ	Ψ	DFG-Phe	Φ	Ψ	χ1	
	7AXW.pdb	AGC	0	A	DFGin	ABAminus	Chelix-in	1SQ:401	Type1	183T	-120.11	-29.97	184D	-96.62	126.40	185F	-127.78	33.08	287.90
	Input	Group	Model	Chain	Spatial_label	Dihedral_label	C-helix_label	Ligand	Ligand_label	X-DFG	Φ	Ψ	DFG-Asp	Φ	Ψ	DFG-Phe	Φ	Ψ	χ1	
	7BAQ.pdb	AGC	0	A	DFGin	ABAminus	Chelix-in	T82:401	Type1	183T	-123.22	-37.42	184D	-116.04	126.91	185F	-128.84	27.17	284.57
	Input	Group	Model	Chain	Spatial_label	Dihedral_label	C-helix_label	Ligand	Ligand_label	X-DFG	Φ	Ψ	DFG-Asp	Φ	Ψ	DFG-Phe	Φ	Ψ	χ1	
	7BAR.pdb	AGC	0	A	DFGin	BLAminus	Chelix-in	T82:401	Type1	183T	-129.89	-171.42	184D	62.71	72.09	185F	-89.90	23.35	274.08
	Input	Group	Model	Chain	Spatial_label	Dihedral_label	C-helix_label	Ligand	Ligand_label	X-DFG	Φ	Ψ	DFG-Asp	Φ	Ψ	DFG-Phe	Φ	Ψ	χ1	
	7BB0.pdb	AGC	0	A	DFGin	BLAminus	Chelix-in	T7W:401	Type1	183T	-117.10	156.79	184D	84.13	107.03	185F	-120.85	24.90	282.94
	Input	Group	Model	Chain	Spatial_label	Dihedral_label	C-helix_label	Ligand	Ligand_label	X-DFG	Φ	Ψ	DFG-Asp	Φ	Ψ	DFG-Phe	Φ	Ψ	χ1	
	7E0Z.pdb	AGC	0	A	DFGin	BLAminus	Chelix-in	ANP:401	Type1	183T	-118.85	-174.47	184D	59.93	79.47	185F	-94.43	25.89	275.59
	Input	Group	Model	Chain	Spatial_label	Dihedral_label	C-helix_label	Ligand	Ligand_label	X-DFG	Φ	Ψ	DFG-Asp	Φ	Ψ	DFG-Phe	Φ	Ψ	χ1	
	7E11.pdb	AGC	0	A	DFGin	BLAminus	Chelix-in	ANP:401	Type1	183T	-127.38	-169.19	184D	58.28	74.22	185F	-96.53	30.74	276.22
	Input	Group	Model	Chain	Spatial_label	Dihedral_label	C-helix_label	Ligand	Ligand_label	X-DFG	Φ	Ψ	DFG-Asp	Φ	Ψ	DFG-Phe	Φ	Ψ	χ1	
	7E12.pdb	AGC	0	A	DFGin	BLAminus	Chelix-in	ANP:401	Type1	183T	-131.26	-169.70	184D	58.92	77.12	185F	-93.02	37.73	266.27
	Input	Group	Model	Chain	Spatial_label	Dihedral_label	C-helix_label	Ligand	Ligand_label	X-DFG	Φ	Ψ	DFG-Asp	Φ	Ψ	DFG-Phe	Φ	Ψ	χ1	
	7PID.pdb	AGC	0	A	DFGin	ABAminus	Chelix-in	7QI:401	Type1	183T	-118.31	-40.37	184D	-94.31	114.04	185F	-113.72	22.92	282.96
	Input	Group	Model	Chain	Spatial_label	Dihedral_label	C-helix_label	Ligand	Ligand_label	X-DFG	Φ	Ψ	DFG-Asp	Φ	Ψ	DFG-Phe	Φ	Ψ	χ1	
	7PIE.pdb	AGC	0	A	DFGin	ABAminus	Chelix-in	7QF:401	Type1	183T	-120.14	-32.08	184D	-97.46	116.46	185F	-117.77	21.64	284.39
	Input	Group	Model	Chain	Spatial_label	Dihedral_label	C-helix_label	Ligand	Ligand_label	X-DFG	Φ	Ψ	DFG-Asp	Φ	Ψ	DFG-Phe	Φ	Ψ	χ1	
	7PIF.pdb	AGC	0	A	DFGin	ABAminus	Chelix-in	7QL:401	Type1	183T	-118.71	-29.12	184D	-101.01	122.87	185F	-127.52	15.73	291.24
	Input	Group	Model	Chain	Spatial_label	Dihedral_label	C-helix_label	Ligand	Ligand_label	X-DFG	Φ	Ψ	DFG-Asp	Φ	Ψ	DFG-Phe	Φ	Ψ	χ1	
	7PIG.pdb	AGC	0	A	DFGin	ABAminus	Chelix-in	7QR:401	Type1	183T	-122.28	-26.16	184D	-100.87	119.72	185F	-123.12	20.40	285.83
	Input	Group	Model	Chain	Spatial_label	Dihedral_label	C-helix_label	Ligand	Ligand_label	X-DFG	Φ	Ψ	DFG-Asp	Φ	Ψ	DFG-Phe	Φ	Ψ	χ1	
	7PIH.pdb	AGC	0	A	DFGin	BLAminus	Chelix-in	7QW:401	Type1	183T	-121.58	158.34	184D	79.98	88.22	185F	-96.85	22.43	285.54
	Input	Group	Model	Chain	Spatial_label	Dihedral_label	C-helix_label	Ligand	Ligand_label	X-DFG	Φ	Ψ	DFG-Asp	Φ	Ψ	DFG-Phe	Φ	Ψ	χ1	
	7PNS.pdb	AGC	0	A	DFGin	ABAminus	Chelix-in	7W8:402	Type1	183T	-119.80	-32.66	184D	-110.24	109.30	185F	-108.03	28.36	286.14
	Input	Group	Model	Chain	Spatial_label	Dihedral_label	C-helix_label	Ligand	Ligand_label	X-DFG	Φ	Ψ	DFG-Asp	Φ	Ψ	DFG-Phe	Φ	Ψ	χ1	
	7UJX.pdb	AGC	0	E	DFGin	BLAminus	Chelix-in	ADP:401	Type1	183T	-121.93	179.51	184D	64.92	83.56	185F	-91.91	29.50	277.22
	Input	Group	Model	Chain	Spatial_label	Dihedral_label	C-helix_label	Ligand	Ligand_label	X-DFG	Φ	Ψ	DFG-Asp	Φ	Ψ	DFG-Phe	Φ	Ψ	χ1	
	7V0G.pdb	AGC	0	E	DFGin	BLAminus	Chelix-in	ADP:401	Type1	183T	-119.51	177.61	184D	67.42	82.69	185F	-91.40	25.19	276.81
	Input	Group	Model	Chain	Spatial_label	Dihedral_label	C-helix_label	Ligand	Ligand_label	X-DFG	Φ	Ψ	DFG-Asp	Φ	Ψ	DFG-Phe	Φ	Ψ	χ1	
	7Y1G.pdb	AGC	0	A	DFGin	BLAminus	Chelix-in	I5G:500	Type1	183T	-118.48	174.70	184D	76.77	103.00	185F	-130.63	13.32	288.10
	7Y1G.pdb	AGC	0	B	DFGin	ABAminus	Chelix-in	I5G:401	Type1	183T	-112.68	-38.34	184D	-99.79	125.89	185F	-136.28	17.99	282.52
	Input	Group	Model	Chain	Spatial_label	Dihedral_label	C-helix_label	Ligand	Ligand_label	X-DFG	Φ	Ψ	DFG-Asp	Φ	Ψ	DFG-Phe	Φ	Ψ	χ1	
	8SF8.pdb	AGC	0	A	DFGin	BLAminus	Chelix-in	ZWG:401	Type1	184T	-129.12	170.07	185D	68.00	97.59	186F	-109.53	25.84	272.71
	Input	Group	Model	Chain	Spatial_label	Dihedral_label	C-helix_label	Ligand	Ligand_label	X-DFG	Φ	Ψ	DFG-Asp	Φ	Ψ	DFG-Phe	Φ	Ψ	χ1	
	PKA_FRG001_refine_016.pdb	AGC	0	A	DFGin	BLAminus	Chelix-in	001:1,001:2,001:3	Type1,Allosteric,Allosteric	183T	-123.65	166.88	184D	73.88	91.51	185F	-100.41	21.86	271.16
	Input	Group	Model	Chain	Spatial_label	Dihedral_label	C-helix_label	Ligand	Ligand_label	X-DFG	Φ	Ψ	DFG-Asp	Φ	Ψ	DFG-Phe	Φ	Ψ	χ1	
	PKA_FRG005_refine_005.pdb	AGC	0	A	DFGin	BLAminus	Chelix-in	005:3,005:4	Type1,Allosteric	183T	-128.13	173.99	184D	71.26	86.39	185F	-98.00	22.18	274.08
	Input	Group	Model	Chain	Spatial_label	Dihedral_label	C-helix_label	Ligand	Ligand_label	X-DFG	Φ	Ψ	DFG-Asp	Φ	Ψ	DFG-Phe	Φ	Ψ	χ1	
	PKA_FRG009_refine_002.pdb	AGC	0	A	DFGin	BLAminus	Chelix-in	009:1,009:2	Allosteric,Type1	183T	-122.90	162.53	184D	78.73	90.71	185F	-101.01	23.66	273.18
	Input	Group	Model	Chain	Spatial_label	Dihedral_label	C-helix_labelLigand	Ligand_label	X-DFG	Φ	Ψ	DFG-Asp	Φ	Ψ	DFG-Phe	Φ	Ψ	χ1	
	PKA_FRG012_refine_006.pdb	AGC	0	A	DFGin	BLAminus	Chelix-in	012:1	Type1	183T	-120.91	176.33	184D	62.90	88.24	185F	-100.02	26.70	273.62
	Input	Group	Model	Chain	Spatial_label	Dihedral_label	C-helix_labelLigand	Ligand_label	X-DFG	Φ	Ψ	DFG-Asp	Φ	Ψ	DFG-Phe	Φ	Ψ	χ1	
	PKA_FRG024_refine_002.pdb	AGC	0	A	DFGin	BLAminus	Chelix-in	024:1	Type1	183T	-119.71	164.00	184D	72.63	91.38	185F	-97.67	26.86	272.38
	Input	Group	Model	Chain	Spatial_label	Dihedral_label	C-helix_label	Ligand	Ligand_label	X-DFG	Φ	Ψ	DFG-Asp	Φ	Ψ	DFG-Phe	Φ	Ψ	χ1	
	PKA_FRG030_refine_008.pdb	AGC	0	A	DFGin	BLAminus	Chelix-in	030:2,030:3	Allosteric,Allosteric	183T	-121.88	167.02	184D	72.87	89.34	185F	-99.64	27.04	269.38
	Input	Group	Model	Chain	Spatial_label	Dihedral_label	C-helix_label	Ligand	Ligand_label	X-DFG	Φ	Ψ	DFG-Asp	Φ	Ψ	DFG-Phe	Φ	Ψ	χ1	
	PKA_FRG032_refine_016.pdb	AGC	0	A	DFGin	BLAminus	Chelix-in	032:1,032:2	Type1,Allosteric	183T	-127.78	176.01	184D	67.17	79.72	185F	-92.48	24.94	274.18
	Input	Group	Model	Chain	Spatial_label	Dihedral_label	C-helix_label	Ligand	Ligand_label	X-DFG	Φ	Ψ	DFG-Asp	Φ	Ψ	DFG-Phe	Φ	Ψ	χ1	
	PKA_FRG055_refine_003.pdb	AGC	0	A	DFGin	BLAminus	Chelix-in	055:1,055:2	Type1,Allosteric	183T	-123.67	170.41	184D	71.46	82.51	185F	-93.80	23.99	276.75
	Input	Group	Model	Chain	Spatial_label	Dihedral_label	C-helix_label	Ligand	Ligand_label	X-DFG	Φ	Ψ	DFG-Asp	Φ	Ψ	DFG-Phe	Φ	Ψ	χ1	
	PKA_FRG058_refine_013.pdb	AGC	0	A	DFGin	BLAminus	Chelix-in	058:603	Allosteric	183T	-130.48	-172.30	184D	64.94	64.92	185F	-87.81	25.46	275.07
	Input	Group	Model	Chain	Spatial_label	Dihedral_label	C-helix_label	Ligand	Ligand_label	X-DFG	Φ	Ψ	DFG-Asp	Φ	Ψ	DFG-Phe	Φ	Ψ	χ1	
	PKA_FRG070_refine_004.pdb	AGC	0	A	DFGin	BLAminus	Chelix-in	070:1602,070:1605	Allosteric,Type1	183T	-120.29	164.24	184D	77.93	91.67	185F	-101.66	25.37	271.36
	Input	Group	Model	Chain	Spatial_label	Dihedral_label	C-helix_label	Ligand	Ligand_label	X-DFG	Φ	Ψ	DFG-Asp	Φ	Ψ	DFG-Phe	Φ	Ψ	χ1	
	PKA_FRG073_refine_004.pdb	AGC	0	A	DFGin	BLAminus	Chelix-in	073:6,073:7,073:8	Type1,Allosteric,Allosteric	183T	-125.48	163.88	184D	74.25	91.56	185F	-99.94	24.19	273.33
	Input	Group	Model	Chain	Spatial_label	Dihedral_label	C-helix_label	Ligand	Ligand_label	X-DFG	Φ	Ψ	DFG-Asp	Φ	Ψ	DFG-Phe	Φ	Ψ	χ1	
	PKA_FRG074_refine_004.pdb	AGC	0	A	DFGin	BLAminus	Chelix-in	074:7,074:8	Type1,Allosteric	183T	-125.23	165.97	184D	74.08	89.01	185F	-98.27	23.51	275.67
	Input	Group	Model	Chain	Spatial_label	Dihedral_label	C-helix_labelLigand	Ligand_label	X-DFG	Φ	Ψ	DFG-Asp	Φ	Ψ	DFG-Phe	Φ	Ψ	χ1	
	PKA_FRG102_refine_003.pdb	AGC	0	A	DFGin	BLAminus	Chelix-in	102:1	Type1	183T	-123.71	169.55	184D	74.01	90.89	185F	-99.75	23.58	270.64
	Input	Group	Model	Chain	Spatial_label	Dihedral_label	C-helix_label	Ligand	Ligand_label	X-DFG	Φ	Ψ	DFG-Asp	Φ	Ψ	DFG-Phe	Φ	Ψ	χ1	
	PKA_FRG134_refine_002.pdb	AGC	0	A	DFGin	BLAminus	Chelix-in	134:6,134:7,134:8,134:9	Type1,Allosteric,Allosteric,Allosteric	183T	-125.44	169.67	184D	70.65	87.23	185F	-98.98	25.86	271.46
	Input	Group	Model	Chain	Spatial_label	Dihedral_label	C-helix_label	Ligand	Ligand_label	X-DFG	Φ	Ψ	DFG-Asp	Φ	Ψ	DFG-Phe	Φ	Ψ	χ1	
	PKA_FRG138_refine_003.pdb	AGC	0	A	DFGin	BLAminus	Chelix-in	138:1,138:2	Type1,Allosteric	183T	-121.68	170.24	184D	70.17	85.83	185F	-96.66	25.02	277.79
	Input	Group	Model	Chain	Spatial_label	Dihedral_label	C-helix_label	Ligand	Ligand_label	X-DFG	Φ	Ψ	DFG-Asp	Φ	Ψ	DFG-Phe	Φ	Ψ	χ1	
	PKA_FRG145_refine_006.pdb	AGC	0	A	DFGin	BLAminus	Chelix-in	145:5,145:6	Type1,Allosteric	183T	-115.48	174.19	184D	67.66	91.05	185F	-99.50	24.71	274.04
	Input	Group	Model	Chain	Spatial_label	Dihedral_label	C-helix_label	Ligand	Ligand_label	X-DFG	Φ	Ψ	DFG-Asp	Φ	Ψ	DFG-Phe	Φ	Ψ	χ1	
	PKA_FRG168_refine_004.pdb	AGC	0	A	DFGin	BLAminus	Chelix-in	168:3,168:4	Type1,Allosteric	183T	-123.27	165.29	184D	75.48	89.39	185F	-97.99	25.72	271.18
	Input	Group	Model	Chain	Spatial_label	Dihedral_label	C-helix_label	Ligand	Ligand_label	X-DFG	Φ	Ψ	DFG-Asp	Φ	Ψ	DFG-Phe	Φ	Ψ	χ1	
	PKA_FRG184_refine_002.pdb	AGC	0	A	DFGin	BLAminus	Chelix-in	184:401	Type1	183T	-124.89	162.21	184D	74.40	86.67	185F	-95.24	22.68	270.26
	Input	Group	Model	Chain	Spatial_label	Dihedral_label	C-helix_label	Ligand	Ligand_label	X-DFG	Φ	Ψ	DFG-Asp	Φ	Ψ	DFG-Phe	Φ	Ψ	χ1	
	PKA_FRG186_refine_003.pdb	AGC	0	A	DFGin	BLAminus	Chelix-in	PG6:401,86r:402	Allosteric,Type1	183T	-123.32	165.40	184D	76.33	88.66	185F	-97.16	21.64	273.57
	Input	Group	Model	Chain	Spatial_label	Dihedral_label	C-helix_label	Ligand	Ligand_label	X-DFG	Φ	Ψ	DFG-Asp	Φ	Ψ	DFG-Phe	Φ	Ψ	χ1	
	PKA_FRG188_refine_003.pdb	AGC	0	A	DFGin	BLAminus	Chelix-in	188:401,188:501	Allosteric,Allosteric	183T	-123.14	164.69	184D	74.84	89.65	185F	-97.92	23.83	269.62
	Input	Group	Model	Chain	Spatial_label	Dihedral_label	C-helix_label	Ligand	Ligand_label	X-DFG	Φ	Ψ	DFG-Asp	Φ	Ψ	DFG-Phe	Φ	Ψ	χ1	
	PKA_FRG189_refine_001.pdb	AGC	0	A	DFGin	BLAminus	Chelix-in	189:401,189:501	Allosteric,Allosteric	183T	-124.22	162.85	184D	77.13	88.47	185F	-96.79	24.53	273.01
	Input	Group	Model	Chain	Spatial_label	Dihedral_label	C-helix_labelLigand	Ligand_label	X-DFG	Φ	Ψ	DFG-Asp	Φ	Ψ	DFG-Phe	Φ	Ψ	χ1	
	PKA_FRG203_refine_003.pdb	AGC	0	A	DFGin	BLAminus	Chelix-in	203:1	Type1	183T	-124.93	170.62	184D	72.27	85.31	185F	-94.14	22.78	273.05
	Input	Group	Model	Chain	Spatial_label	Dihedral_label	C-helix_label	Ligand	Ligand_label	X-DFG	Φ	Ψ	DFG-Asp	Φ	Ψ	DFG-Phe	Φ	Ψ	χ1	
	PKA_FRG225_refine_005.pdb	AGC	0	A	DFGin	BLAminus	Chelix-in	225:401,225:501	Type1,Allosteric	183T	-118.41	168.52	184D	70.91	88.49	185F	-97.79	23.05	272.85
	Input	Group	Model	Chain	Spatial_label	Dihedral_label	C-helix_label	Ligand	Ligand_label	X-DFG	Φ	Ψ	DFG-Asp	Φ	Ψ	DFG-Phe	Φ	Ψ	χ1	
	PKA_FRG236_refine_003.pdb	AGC	0	A	DFGin	BLAminus	Chelix-in	236:401	Allosteric	183T	-120.45	166.32	184D	73.92	87.06	185F	-97.30	23.53	273.55
	Input	Group	Model	Chain	Spatial_label	Dihedral_label	C-helix_label	Ligand	Ligand_label	X-DFG	Φ	Ψ	DFG-Asp	Φ	Ψ	DFG-Phe	Φ	Ψ	χ1	
	PKA_FRG248_refine_017.pdb	AGC	0	A	DFGin	BLAminus	Chelix-in	248:1,248:2	Type1,Type1	183T	-121.49	160.04	184D	78.30	90.11	185F	-98.38	25.69	272.43
	Input	Group	Model	Chain	Spatial_label	Dihedral_label	C-helix_label	Ligand	Ligand_label	X-DFG	Φ	Ψ	DFG-Asp	Φ	Ψ	DFG-Phe	Φ	Ψ	χ1	
	PKA_FRG264_refine_005.pdb	AGC	0	A	DFGin	BLAminus	Chelix-in	264:3,264:4,264:5	Allosteric,Type1,Allosteric	183T	-126.72	170.35	184D	72.72	85.77	185F	-95.10	23.85	271.97
	Input	Group	Model	Chain	Spatial_label	Dihedral_label	C-helix_label	Ligand	Ligand_label	X-DFG	Φ	Ψ	DFG-Asp	Φ	Ψ	DFG-Phe	Φ	Ψ	χ1	
	PKA_FRG274_refine_005.pdb	AGC	0	A	DFGin	ABAminus	Chelix-in	274:401,274:501,274:601,274:701	Type1,Allosteric,Allosteric,Allosteric	183T	-107.22	-41.51	184D	-100.59	143.13	185F	-128.47	27.06	273.06
	Input	Group	Model	Chain	Spatial_label	Dihedral_label	C-helix_label	Ligand	Ligand_label	X-DFG	Φ	Ψ	DFG-Asp	Φ	Ψ	DFG-Phe	Φ	Ψ	χ1	
	PKA_FRG283_refine_004.pdb	AGC	0	A	DFGin	BLAminus	Chelix-in	283:1,283:2	Allosteric,Allosteric	183T	-123.02	164.34	184D	74.26	89.68	185F	-99.66	28.03	272.52
	Input	Group	Model	Chain	Spatial_label	Dihedral_label	C-helix_label	Ligand	Ligand_label	X-DFG	Φ	Ψ	DFG-Asp	Φ	Ψ	DFG-Phe	Φ	Ψ	χ1	
	PKA_FRG294_refine_004.pdb	AGC	0	A	DFGin	BLAminus	Chelix-in	294:401	Allosteric	183T	-124.03	163.38	184D	76.55	89.22	185F	-99.86	25.60	271.63
	Input	Group	Model	Chain	Spatial_label	Dihedral_label	C-helix_labelLigand	Ligand_label	X-DFG	Φ	Ψ	DFG-Asp	Φ	Ψ	DFG-Phe	Φ	Ψ	χ1	
	PKA_FRG296_refine_004.pdb	AGC	0	A	DFGin	BLAminus	Chelix-in	296:1	Type1	183T	-125.36	166.81	184D	70.48	89.11	185F	-96.24	20.47	272.83
	Input	Group	Model	Chain	Spatial_label	Dihedral_label	C-helix_label	Ligand	Ligand_label	X-DFG	Φ	Ψ	DFG-Asp	Φ	Ψ	DFG-Phe	Φ	Ψ	χ1	
	PKA_FRG299_refine_003.pdb	AGC	0	A	DFGin	BLAminus	Chelix-in	299:5,299:6,299:7,299:8,299:9	Allosteric,Allosteric,Type1,Type1,Allosteric	183T	-116.82	173.34	184D	67.77	85.36	185F	-98.39	23.53	274.94
	Input	Group	Model	Chain	Spatial_label	Dihedral_label	C-helix_label	Ligand	Ligand_label	X-DFG	Φ	Ψ	DFG-Asp	Φ	Ψ	DFG-Phe	Φ	Ψ	χ1	
	PKA_FRG304_refine_003.pdb	AGC	0	A	DFGin	BLAminus	Chelix-in	304:2,304:5,304:6	Allosteric,Allosteric,Type1	183T	-120.09	167.95	184D	74.11	88.69	185F	-97.53	23.52	270.45
	Input	Group	Model	Chain	Spatial_label	Dihedral_label	C-helix_labelLigand	Ligand_label	X-DFG	Φ	Ψ	DFG-Asp	Φ	Ψ	DFG-Phe	Φ	Ψ	χ1	
	PKA_FRG310_refine_007.pdb	AGC	0	A	DFGin	BLAminus	Chelix-in	310:1	Type1	183T	-119.62	172.97	184D	64.34	87.44	185F	-94.59	24.77	273.77
	Input	Group	Model	Chain	Spatial_label	Dihedral_label	C-helix_label	Ligand	Ligand_label	X-DFG	Φ	Ψ	DFG-Asp	Φ	Ψ	DFG-Phe	Φ	Ψ	χ1	
	PKA_FRG312_refine_013.pdb	AGC	0	A	DFGin	BLAminus	Chelix-in	312:401	Type1	183T	-119.15	-175.31	184D	54.82	83.35	185F	-93.03	23.56	273.63
	Input	Group	Model	Chain	Spatial_label	Dihedral_label	C-helix_label	Ligand	Ligand_label	X-DFG	Φ	Ψ	DFG-Asp	Φ	Ψ	DFG-Phe	Φ	Ψ	χ1	
	PKA_FRG313_refine_002.pdb	AGC	0	A	DFGin	BLAminus	Chelix-in	313:401	Allosteric	183T	-125.70	167.77	184D	69.24	93.19	185F	-97.83	26.90	271.45
	Input	Group	Model	Chain	Spatial_label	Dihedral_label	C-helix_label	Ligand	Ligand_label	X-DFG	Φ	Ψ	DFG-Asp	Φ	Ψ	DFG-Phe	Φ	Ψ	χ1	
	PKA_FRG322_refine_001.pdb	AGC	0	A	DFGin	BLAminus	Chelix-in	322:501	Allosteric	183T	-121.62	161.03	184D	79.67	89.41	185F	-97.24	25.77	271.44
